id,name,slug,tier,edition,tier_raw,description,website,logo_url,logo_alt,createdAt,updatedAt,publishedAt
100,Kryptosphere,sponsor-8,Community Partners,EthCC[9],Community Partners,,https://kryptosphere.org/,https://s3.eu-west-3.amazonaws.com/content.ethccweek.fr/Black_text_6303aa5986.png,,2025-06-23T14:16:07.636Z,2026-01-28T16:07:43.865Z,2025-06-23T14:16:09.746Z
129,EthStaker,sponsor-35,Community Partners,EthCC[9],Community Partners,,,https://s3.eu-west-3.amazonaws.com/content.ethccweek.fr/logo_blue_05af37e42f.svg,,2026-01-28T16:31:06.962Z,2026-01-28T16:35:34.769Z,2026-01-28T16:35:34.765Z
131,Token Engineering,sponsor-37,Community Partners,EthCC[9],Community Partners,,,https://s3.eu-west-3.amazonaws.com/content.ethccweek.fr/TE_Academy_Black_and_white_logo_with_text_1_b03a2becc8.svg,,2026-01-29T10:21:12.567Z,2026-02-26T19:48:40.929Z,2026-01-29T10:21:13.797Z
132,Money 20/20,sponsor-38,Community Partners,EthCC[9],Community Partners,,,https://s3.eu-west-3.amazonaws.com/content.ethccweek.fr/m20eu26_black_with_yr_9aa3c35cd0.png,,2026-01-29T10:23:07.587Z,2026-01-29T10:23:08.662Z,2026-01-29T10:23:08.657Z
152,DLT Talents Alumni,sponsor-56,Community Partners,EthCC[9],Community Partners,,,https://s3.eu-west-3.amazonaws.com/content.ethccweek.fr/DLT_Talent_Alumni_logo_pink_2_763ccb5329.png,,2026-03-01T16:53:57.538Z,2026-03-01T16:53:59.172Z,2026-03-01T16:53:59.168Z
164,Babylon,sponsor-67,Community Partners,EthCC[9],Community Partners,,https://babylonlabs.io/,https://s3.eu-west-3.amazonaws.com/content.ethccweek.fr/babylon_full_lockup_full_lockup_black_5f87335e3a.png,,2026-03-09T13:19:18.240Z,2026-03-09T13:19:19.301Z,2026-03-09T13:19:19.295Z
165,Bridge,sponsor-68,Community Partners,EthCC[9],Community Partners,,https://www.bridge.xyz/,https://s3.eu-west-3.amazonaws.com/content.ethccweek.fr/Bridge_Stripe_dark_044d6cdf51.png,,2026-03-09T13:19:58.880Z,2026-03-09T13:19:59.759Z,2026-03-09T13:19:59.755Z
166,Chainlink,sponsor-69,Community Partners,EthCC[9],Community Partners,,https://chain.link/,https://s3.eu-west-3.amazonaws.com/content.ethccweek.fr/Chainlink_Logo_Black_c59e52d10b.png,,2026-03-09T13:20:35.874Z,2026-03-09T13:20:36.775Z,2026-03-09T13:20:36.771Z
167,Maple,sponsor-70,Community Partners,EthCC[9],Community Partners,,https://maple.finance/,https://s3.eu-west-3.amazonaws.com/content.ethccweek.fr/Maple_Logo_black_8c6886dbe1.png,,2026-03-09T13:21:13.274Z,2026-03-09T13:21:14.090Z,2026-03-09T13:21:14.087Z
172,Women Leading the Way,sponsor-75,Community Partners,EthCC[9],Community Partners,,https://www.drofa-ra.com/insider/women-leading-the-way-empowering-fintech-leadership-at-token2049,https://s3.eu-west-3.amazonaws.com/content.ethccweek.fr/WLTW_logo_eb8f4f6084.png,,2026-03-11T19:06:24.797Z,2026-03-11T19:06:25.647Z,2026-03-11T19:06:25.634Z
182,Marriott Cannes,sponsor-85,Community Partners,EthCC[9],Community Partners,,https://www.marriott.com/en-us/hotels/ncejw-jw-marriott-cannes/overview/?scid=f2ae0541-1279-4f24-b197-a979c79310b0,https://s3.eu-west-3.amazonaws.com/content.ethccweek.fr/NCEJW_rgb_ca215e124d.png,,2026-03-13T20:08:15.809Z,2026-03-13T20:08:18.305Z,2026-03-13T20:08:18.302Z
183,Palais des Festivals,sponsor-86,Community Partners,EthCC[9],Community Partners,,https://www.palaisdesfestivals.com/,https://s3.eu-west-3.amazonaws.com/content.ethccweek.fr/LOGO_Palais_Festivals_Congres_RVB_Positif_2694d98260.png,,2026-03-14T16:47:49.359Z,2026-03-14T16:47:50.219Z,2026-03-14T16:47:50.200Z
185,Women in Web3 Swizerland,women-in-web3,Community Partners,EthCC[9],Community Partners,,https://www.wiw3ch.com/,https://s3.eu-west-3.amazonaws.com/content.ethccweek.fr/Wi_W3_logo_full_350f962595.svg,,2026-03-17T11:36:35.230Z,2026-03-17T11:36:46.517Z,2026-03-17T11:36:46.512Z
107,Wonderland,sponsor-14,Diamond,EthCC[9],Diamond,"Wonderland is crypto's leading core development group — long-term collaborators behind Optimism, Aztec, Aerodrome, and more. We partner with top protocols to solve web3’s toughest technical challenges with simple, elegant solutions.",https://wonderland.xyz/,https://s3.eu-west-3.amazonaws.com/content.ethccweek.fr/Wonderland_Identifier_Positive_H_1_d5d3a26eda.png,,2025-10-31T17:42:56.670Z,2025-10-31T17:42:57.721Z,2025-10-31T17:42:57.718Z
136,Walrus Foundation,sponsor-40,Emerald,EthCC[9],Emerald,"The Verifiable Data Platform for AI and onchain finance. Where every byte is provable, programmable, and available. Built by the team behind Sui.",https://www.walrus.xyz/,https://s3.eu-west-3.amazonaws.com/content.ethccweek.fr/Walrus_Logotype_066f08ece0.png,,2026-02-09T12:37:49.573Z,2026-03-10T19:12:34.704Z,2026-02-09T12:37:50.585Z
142,Yap Global,sponsor-46,Emerald,EthCC[9],Emerald,"A financial and technology PR consultancy that advises meaningful companies in the digital assets, fintech, stablecoins, AI and agentic finance sectors.",https://yapglobal.com/,https://s3.eu-west-3.amazonaws.com/content.ethccweek.fr/Primary_Logo_Default_Black_352b4503d7.png,,2026-02-23T17:53:59.635Z,2026-02-23T17:54:00.666Z,2026-02-23T17:54:00.660Z
151,Quicknode,sponsor-55,Emerald,EthCC[9],Emerald,"The enterprise-grade blockchain platform for teams that demand the fastest, most reliable infrastructure.",https://www.quicknode.com/,https://s3.eu-west-3.amazonaws.com/content.ethccweek.fr/logomark_on_light_347aea879e.png,,2026-03-01T16:38:05.333Z,2026-03-01T16:49:23.322Z,2026-03-01T16:38:06.850Z
175,xStocks,sponsor-78,Emerald,EthCC[9],Emerald,Tokenized Stocks and ETFs.,https://xstocks.fi/,https://s3.eu-west-3.amazonaws.com/content.ethccweek.fr/Logo_Lockup_H_Black_w_Gradient_9a6ff046fe.png,,2026-03-12T14:13:59.287Z,2026-03-12T14:14:03.902Z,2026-03-12T14:14:03.897Z
80,Talent protocol,talent-protocol,Community Partners,EthCC[8],EthCC[8] Community Partners,Bringing verified reputation onchain to help great builders stand out.,https://www.talentprotocol.com/,https://s3.eu-west-3.amazonaws.com/content.ethccweek.fr/Logo_Talent_Protocol_light_614ddd58ee.png,,2025-05-22T20:56:58.276Z,2025-05-23T09:43:37.719Z,2025-05-22T20:57:13.581Z
82,SNZ,snz,Community Partners,EthCC[8],EthCC[8] Community Partners,For builders. by builders.,https://snzholding.com/,https://s3.eu-west-3.amazonaws.com/content.ethccweek.fr/color_logo_transparent_f92b4563fb.svg,,2025-05-23T10:05:31.009Z,2025-06-04T08:46:01.197Z,2025-05-23T10:05:32.123Z
90,Akindo ,akindo,Community Partners,EthCC[8],EthCC[8] Community Partners,,https://app.akindo.io/,https://s3.eu-west-3.amazonaws.com/content.ethccweek.fr/akindo_logo_black_bf6b505055.png,,2025-06-02T09:55:47.988Z,2025-06-02T10:15:39.134Z,2025-06-02T09:56:21.415Z
91,JW Marriott,jw-marriott,Community Partners,EthCC[8],EthCC[8] Community Partners,,https://www.marriott.com/fr/hotels/ncejw-jw-marriott-cannes/overview/,https://s3.eu-west-3.amazonaws.com/content.ethccweek.fr/NCEJW_rgb_77cd1908a9.png,,2025-06-02T14:04:31.422Z,2025-06-04T08:45:06.569Z,2025-06-02T14:04:32.586Z
93,Card3,sponsor-1,Community Partners,EthCC[8],EthCC[8] Community Partners,,https://card3.ai/,https://s3.eu-west-3.amazonaws.com/content.ethccweek.fr/CARD_3_Logo_white_background_a715c7c665.png,,2025-06-06T08:15:42.159Z,2025-06-06T08:15:43.971Z,2025-06-06T08:15:43.967Z
94,Blockchained,sponsor-2,Community Partners,EthCC[8],EthCC[8] Community Partners,,https://www.blockchainedindia.com/,https://s3.eu-west-3.amazonaws.com/content.ethccweek.fr/preferred_01_2c7a9e4da6.svg,,2025-06-06T08:21:59.200Z,2025-06-06T08:21:59.965Z,2025-06-06T08:21:59.962Z
95,42 Berlin,sponsor-3,Community Partners,EthCC[8],EthCC[8] Community Partners,"A free, onsite, world-class software engineering program powered by peer-to-peer methodology.",https://42berlin.de/,https://s3.eu-west-3.amazonaws.com/content.ethccweek.fr/Copy_of_42_Berlin_logo2_black_c8409bb835.png,,2025-06-10T17:57:28.246Z,2025-06-10T17:57:29.388Z,2025-06-10T17:57:29.385Z
96,Lucis,sponsor-4,Community Partners,EthCC[8],EthCC[8] Community Partners,,https://www.lucis.life/,https://s3.eu-west-3.amazonaws.com/content.ethccweek.fr/logo_black_ba000bd7fd.png,,2025-06-11T16:42:25.827Z,2025-06-11T16:42:26.603Z,2025-06-11T16:42:26.600Z
98,Women in Web3 Switzerland,sponsor-6,Community Partners,EthCC[8],EthCC[8] Community Partners,,https://www.wiw3ch.com/,https://s3.eu-west-3.amazonaws.com/content.ethccweek.fr/Wi_W3_color_v_1a71ddaa41.png,,2025-06-18T10:08:06.946Z,2025-06-18T10:08:07.324Z,2025-06-18T10:08:07.320Z
100,Kryptosphere,sponsor-8,Community Partners,EthCC[8],EthCC[8] Community Partners,,https://kryptosphere.org/,https://s3.eu-west-3.amazonaws.com/content.ethccweek.fr/Black_text_6303aa5986.png,,2025-06-23T14:16:07.636Z,2026-01-28T16:07:43.865Z,2025-06-23T14:16:09.746Z
17,ROBINHOOD,robinhood,Diamond,EthCC[8],EthCC[8] Diamond,Buy and sell 50+ crypto with euros at one of the lowest costs on average,https://robinhood.com/eu/en/about/crypto/,https://s3.eu-west-3.amazonaws.com/content.ethccweek.fr/ROBINHOOD_a3f3920825.png,,2025-01-23T13:36:05.292Z,2025-06-16T07:54:30.874Z,2025-03-28T18:12:16.183Z
71,Cointelegraph,cointelegraph,Media Partners,EthCC[8],EthCC[8] Media Partners,,https://fr.cointelegraph.com/,https://s3.eu-west-3.amazonaws.com/content.ethccweek.fr/CT_f49d158889.png,,2025-05-14T15:11:27.189Z,2025-05-23T09:44:16.995Z,2025-05-14T15:11:29.158Z
72,The Defiant,the-defiant,Media Partners,EthCC[8],EthCC[8] Media Partners,,https://thedefiant.io/,https://s3.eu-west-3.amazonaws.com/content.ethccweek.fr/The_Defiant_3d1a3badc8.png,,2025-05-14T15:14:02.388Z,2025-05-23T09:43:50.887Z,2025-05-14T15:14:03.205Z
73,Journal du Coin,journal-du-coin,Media Partners,EthCC[8],EthCC[8] Media Partners,,https://journalducoin.com/,https://s3.eu-west-3.amazonaws.com/content.ethccweek.fr/JDC_b549d03d7a.png,,2025-05-14T15:15:58.276Z,2025-05-23T09:43:54.939Z,2025-05-14T15:15:58.994Z
74,Be in Crypto,be-in-crypto,Media Partners,EthCC[8],EthCC[8] Media Partners,,https://fr.beincrypto.com/,https://s3.eu-west-3.amazonaws.com/content.ethccweek.fr/BE_IN_CRYPTO_74ebf2b74c.png,,2025-05-14T15:17:24.382Z,2025-05-23T09:43:59.211Z,2025-05-14T15:17:25.371Z
75,Cryptonews,cryptonews,Media Partners,EthCC[8],EthCC[8] Media Partners,,https://cryptonews.com/fr/,https://s3.eu-west-3.amazonaws.com/content.ethccweek.fr/Cryptonews_d871a23b13.png,,2025-05-14T15:40:27.951Z,2025-05-23T09:44:04.313Z,2025-05-14T15:40:28.708Z
77,DL News,dl-news,Media Partners,EthCC[8],EthCC[8] Media Partners,,https://www.dlnews.com/,https://s3.eu-west-3.amazonaws.com/content.ethccweek.fr/DL_NEWS_0496e207da.png,,2025-05-19T09:23:09.339Z,2025-05-23T09:44:08.365Z,2025-05-19T09:23:10.192Z
89,CoinMarketCap,coin-market-cap,Media Partners,EthCC[8],EthCC[8] Media Partners,,https://coinmarketcap.com/,https://s3.eu-west-3.amazonaws.com/content.ethccweek.fr/CMC_Logo_blue_66e6a3c9f6.png,,2025-05-30T08:13:19.488Z,2025-06-04T08:44:42.830Z,2025-05-30T08:13:20.230Z
6,Latitude.sh,latitude-sh,Ruby,EthCC[8],EthCC[8] Ruby,"Latitude.sh is the global bare metal cloud platform for developers building the future of Web3.
",https://www.latitude.sh/,https://s3.eu-west-3.amazonaws.com/content.ethccweek.fr/Latitude_SH_df26c5dcb0.png,,2025-01-16T17:54:44.016Z,2025-01-31T09:56:46.238Z,2025-03-28T18:11:26.378Z
19,Trezor,trezor,Ruby,EthCC[8],EthCC[8] Ruby,Take Control!,https://trezor.io/,https://s3.eu-west-3.amazonaws.com/content.ethccweek.fr/trezor_main_logo_black_rgb_e30f088b58.png,,2025-01-23T15:51:34.325Z,2025-03-28T09:09:20.894Z,2025-03-28T18:12:16.183Z
20,ZIRCUIT,zircuit,Ruby,EthCC[8],EthCC[8] Ruby,"Zircuit is the AI powered blockchain for secure, automated finance.",https://www.zircuit.com/,https://s3.eu-west-3.amazonaws.com/content.ethccweek.fr/Zircuit_b7e3e117c7.png,,2025-01-23T15:56:02.461Z,2025-01-31T09:57:20.589Z,2025-03-28T18:12:16.183Z
22,Ledger,ledger,Ruby,EthCC[8],EthCC[8] Ruby,The world leader in digital asset security for consumers and enterprises.,https://www.ledger.com/,https://s3.eu-west-3.amazonaws.com/content.ethccweek.fr/LEDGER_WORDMARK_BLACK_WHITE_RGB_9413c78b74.png,,2025-01-23T18:27:27.982Z,2025-03-28T09:07:39.079Z,2025-03-28T18:12:16.183Z
24,1inch,1inch,Ruby,EthCC[8],EthCC[8] Ruby,One-stop access to decentralized finance.,https://1inch.io/,https://s3.eu-west-3.amazonaws.com/content.ethccweek.fr/1inch_a22ff1525a.png,,2025-01-23T18:29:37.551Z,2025-02-14T14:13:52.667Z,2025-03-28T18:13:04.659Z
41,Circles,circles,Ruby,EthCC[8],EthCC[8] Ruby,Fair Money For All,https://aboutcircles.com/,https://s3.eu-west-3.amazonaws.com/content.ethccweek.fr/Circles_Lockup_0e4c65af34.png,,2025-02-27T21:16:05.789Z,2025-03-28T09:07:50.580Z,2025-03-28T18:14:03.661Z
44,Somnia,somnia,Ruby,EthCC[8],EthCC[8] Ruby,The fastest and most cost-efficient EVM-compatible Layer 1 for a fully Onchain World,https://somnia.network/,https://s3.eu-west-3.amazonaws.com/content.ethccweek.fr/dark_85fe594750.png,,2025-02-27T21:22:24.432Z,2025-03-28T09:07:55.834Z,2025-03-28T18:14:54.116Z
55,World,world,Ruby,EthCC[8],EthCC[8] Ruby,"The real human network. Identity, finance and community for every human.",https://world.org/,https://s3.eu-west-3.amazonaws.com/content.ethccweek.fr/World_Logo_Black_RGB_a57aed384d.svg,,2025-03-19T15:21:52.423Z,2025-05-27T08:30:29.115Z,2025-03-28T18:18:43.801Z
61,Polygon,polygon,Ruby,EthCC[8],EthCC[8] Ruby,"Polygon Labs is building the trustless internet with Agglayer, to unify web3; Polygon PoS, for apps to breakout; and pioneering zero-knowledge technology as a public good.",https://polygon.technology/,https://s3.eu-west-3.amazonaws.com/content.ethccweek.fr/Polygon_Primary_Dark_Eth_CC_f941f59bf1.png,,2025-03-26T23:30:42.669Z,2025-03-28T09:09:37.456Z,2025-03-28T18:17:22.764Z
83,Base,base,Ruby,EthCC[8],EthCC[8] Ruby,"Base is a secure, low-cost, builder-friendly Ethereum L2 built to bring the next billion users onchain.",https://www.base.org/,https://s3.eu-west-3.amazonaws.com/content.ethccweek.fr/Base_Wordmark_Blue_0039860ac2.png,,2025-05-25T20:28:30.292Z,2025-06-04T08:44:29.739Z,2025-05-25T20:28:32.636Z
87,OKX,okx,Ruby,EthCC[8],EthCC[8] Ruby,"Faster, better, stronger than your average crypto exchange. Trade like a pro with OKX.",https://www.okx.com/en-eu,https://s3.eu-west-3.amazonaws.com/content.ethccweek.fr/OKX_9d4e70f6f7.svg,,2025-05-28T11:17:38.539Z,2025-06-18T15:27:26.201Z,2025-05-28T11:17:39.820Z
7,Sablier,sablier,Wagmi,EthCC[8],EthCC[8] Wagmi,"Sablier provides infrastructure for token distribution, including vesting, payroll, airdrops and more.",https://sablier.com/,https://s3.eu-west-3.amazonaws.com/content.ethccweek.fr/SABLIER_f1c1a06347.png,,2025-01-16T18:20:14.014Z,2025-01-31T09:53:45.163Z,2025-03-28T18:11:26.378Z
8,Kleros,kleros,Wagmi,EthCC[8],EthCC[8] Wagmi,Kleros is a decentralized arbitration service for resolving disputes in the new economy.,https://kleros.io/,https://s3.eu-west-3.amazonaws.com/content.ethccweek.fr/Kleros_ed987c0eb6.png,,2025-01-19T16:37:00.753Z,2025-01-31T09:53:52.204Z,2025-03-28T18:11:26.378Z
9,Junction,junction,Wagmi,EthCC[8],EthCC[8] Wagmi,"Where all your tokens meet – buy, sell, and trade with ease.",https://junction.exchange/,https://s3.eu-west-3.amazonaws.com/content.ethccweek.fr/JUNCTION_0caed3aa1f.png,,2025-01-21T17:17:40.880Z,2025-01-31T09:53:59.327Z,2025-03-28T18:11:26.378Z
10,API3,api-3,Wagmi,EthCC[8],EthCC[8] Wagmi,"API3: A top blockchain oracle provider using first-party nodes & OEV solutions to deliver secure, verifiable data to smart contracts & reward dApps with OEV.",https://api3.org/,https://s3.eu-west-3.amazonaws.com/content.ethccweek.fr/Api3_607cebd392.png,,2025-01-21T17:27:14.949Z,2025-04-29T16:20:17.084Z,2025-03-28T18:11:26.378Z
11,Nethermind,nethermind,Wagmi,EthCC[8],EthCC[8] Wagmi,"Nethermind is a blockchain research and software engineering company, empowering enterprises and developers worldwide to access and build on the decentralized web.",https://www.nethermind.io/,https://s3.eu-west-3.amazonaws.com/content.ethccweek.fr/NETHERMIND_e79b8a223b.png,,2025-01-21T17:32:34.222Z,2025-01-31T09:54:23.659Z,2025-03-28T18:11:26.378Z
12,iExec,i-exec,Wagmi,EthCC[8],EthCC[8] Wagmi,The Trust Layer for DePIN & AI. ,https://www.iex.ec/,https://s3.eu-west-3.amazonaws.com/content.ethccweek.fr/IEXEC_ca85421309.png,,2025-01-21T17:52:35.486Z,2025-05-15T15:04:29.959Z,2025-03-28T18:11:26.378Z
14,Kaiko,kaiko,Wagmi,EthCC[8],EthCC[8] Wagmi,Kaiko empowers businesses with actionable and reliable crypto data solutions.,https://www.kaiko.com/,https://s3.eu-west-3.amazonaws.com/content.ethccweek.fr/KAIKO_eecf76098d.png,,2025-01-22T16:01:43.237Z,2025-01-31T09:54:44.861Z,2025-03-28T18:11:26.378Z
15,Defisaver,defisaver,Wagmi,EthCC[8],EthCC[8] Wagmi,A better tool for DeFi.,https://defisaver.com/,https://s3.eu-west-3.amazonaws.com/content.ethccweek.fr/DEFISAVER_f734cc2710.png,,2025-01-23T11:27:35.277Z,2025-01-31T09:54:52.638Z,2025-03-28T18:11:26.378Z
16,Dune,dune,Wagmi,EthCC[8],EthCC[8] Wagmi,Crypto's Data Platform.,https://dune.com/home,https://s3.eu-west-3.amazonaws.com/content.ethccweek.fr/DUNE_b55b3c2fc3.png,,2025-01-23T12:03:27.537Z,2025-01-31T09:55:00.866Z,2025-03-28T18:11:26.378Z
26,Yap Global,yap-global,Wagmi,EthCC[8],EthCC[8] Wagmi,"Shaping the crypto, web3 and DeFi narrative through impactful storytelling.",https://yapglobal.com/,https://s3.eu-west-3.amazonaws.com/content.ethccweek.fr/Primary_Logo_Default_Black_c6e5d38315.png,,2025-01-23T18:47:32.518Z,2025-05-23T16:06:05.008Z,2025-03-28T18:13:04.659Z
27,Everstake,everstake,Wagmi,EthCC[8],EthCC[8] Wagmi,"Everstake is a leading blockchain company, delivering unmatched staking services and essential infrastructure solutions for decentralized networks.",https://everstake.one/,https://s3.eu-west-3.amazonaws.com/content.ethccweek.fr/EVERSTAKE_b9208cfe4e.png,,2025-01-24T18:53:04.937Z,2025-01-31T09:55:19.341Z,2025-03-28T18:13:04.659Z
28,gno.land,gno-land,Wagmi,EthCC[8],EthCC[8] Wagmi,"gno.land is a Go-based smart contract platform to build censorship-resistant applications, join us in building a fairer, freer world.",https://gno.land/,https://s3.eu-west-3.amazonaws.com/content.ethccweek.fr/gno_land_47402c0c70.png,,2025-01-25T15:30:14.908Z,2025-01-31T09:55:27.299Z,2025-03-28T18:13:04.659Z
29,Massa Labs,massa-labs,Wagmi,EthCC[8],EthCC[8] Wagmi,Deploying Apps that live forever.,https://massa.net/,https://s3.eu-west-3.amazonaws.com/content.ethccweek.fr/LOGO_FONT_BLACK_eaa7ae5679.png,,2025-01-26T19:04:11.458Z,2025-03-10T13:33:11.584Z,2025-03-28T18:13:04.659Z
30,Plexus,plexus,Wagmi,EthCC[8],EthCC[8] Wagmi,The Global Leader in Web3 Recruitment.,https://plexusrs.com/,https://s3.eu-west-3.amazonaws.com/content.ethccweek.fr/PLEXUS_8b861f08a6.png,,2025-01-27T11:34:08.243Z,2025-01-31T09:55:42.961Z,2025-03-28T18:13:04.659Z
31,DRPC,drpc,Wagmi,EthCC[8],EthCC[8] Wagmi,All data from any blockchain in one place.,https://drpc.org/,https://s3.eu-west-3.amazonaws.com/content.ethccweek.fr/d_RPC_fullcollor_black_f6f96015e6.png,,2025-01-27T16:10:16.814Z,2025-01-31T09:56:16.689Z,2025-03-28T18:13:34.181Z
32,Etherlink,etherlink,Wagmi,EthCC[8],EthCC[8] Wagmi,"An EVM-compatible, non-custodial Layer 2 blockchain powered by Tezos Smart Rollups technology.",https://www.etherlink.com/,https://s3.eu-west-3.amazonaws.com/content.ethccweek.fr/Etherlink_6b3ddabf3f.png,,2025-01-27T16:18:28.398Z,2025-01-31T09:56:25.088Z,2025-03-28T18:13:34.181Z
33,Merkl,merkl,Wagmi,EthCC[8],EthCC[8] Wagmi,Customize. Incentivize. Scale.,https://merkl.xyz/ ,https://s3.eu-west-3.amazonaws.com/content.ethccweek.fr/merkl_logo_dark_10fbfa47df.png,,2025-01-27T17:32:12.853Z,2025-04-01T08:22:51.391Z,2025-03-28T18:13:34.181Z
34,Aleph Cloud,aleph-cloud,Wagmi,EthCC[8],EthCC[8] Wagmi,"Aleph Cloud is a a DePIN, relying on hundreds of distributed nodes across the globe which offers developers access to storage, databases, compute, & AI.",https://aleph.im/,https://s3.eu-west-3.amazonaws.com/content.ethccweek.fr/brand_full_logo_c93406a4f3.svg,,2025-01-28T16:55:51.199Z,2025-05-26T23:03:34.127Z,2025-03-28T18:13:34.181Z
35,Spiko,spiko,Wagmi,EthCC[8],EthCC[8] Wagmi,Bringing capital markets on-chain.,https://www.spiko.io/fr,https://s3.eu-west-3.amazonaws.com/content.ethccweek.fr/SPIKO_88b1c1b8da.png,,2025-01-30T15:36:06.266Z,2025-01-31T09:57:13.639Z,2025-03-28T18:13:34.181Z
36,Fluence,fluence,Wagmi,EthCC[8],EthCC[8] Wagmi,"Fluence is a decentralized, enterprise-grade cloudless platform with top-tier data centers, ensuring high reliability and up to 75% cost savings.
",https://www.fluence.network/,https://s3.eu-west-3.amazonaws.com/content.ethccweek.fr/Fluence_ea72e8f6cd.png,,2025-02-04T17:56:05.651Z,2025-03-28T09:13:08.090Z,2025-03-28T18:13:34.181Z
37,The Graph,the-graph,Wagmi,EthCC[8],EthCC[8] Wagmi,"The Graph is an indexing protocol powering web3 data via subgraphs, making it easy for developers to access blockchain data.",https://thegraph.com/,https://s3.eu-west-3.amazonaws.com/content.ethccweek.fr/The_Graph_7a19417269.png,,2025-02-19T17:54:34.938Z,2025-03-28T09:09:58.234Z,2025-03-28T18:13:34.181Z
38,Envio,envio,Wagmi,EthCC[8],EthCC[8] Wagmi,"Envio is a modern, multi-chain EVM blockchain indexer for querying real-time and historical data.",https://envio.dev/,https://s3.eu-west-3.amazonaws.com/content.ethccweek.fr/Envio_66bfd76ec4.png,,2025-02-20T11:58:57.942Z,2025-03-28T09:09:05.928Z,2025-03-28T18:14:03.661Z
39,Brevis,brevis,Wagmi,EthCC[8],EthCC[8] Wagmi,"Brevis is an efficient, verifiable off-chain computation engine powered by zero-knowledge proofs. It enables Web3 applications to offload data-intensive and costly computations from on-chain environments to a significantly lower-cost off-chain engine. With Brevis, applications can scale seamlessly while maintaining the security of L1 trust assumptions.",https://brevis.network/,https://s3.eu-west-3.amazonaws.com/content.ethccweek.fr/Brevis_fccd7dddeb.png,,2025-02-26T16:33:01.544Z,2025-03-28T09:08:28.212Z,2025-03-28T18:14:03.661Z
46,Coinrule,coinrule,Wagmi,EthCC[8],EthCC[8] Wagmi,Launch Self-Custodial Bots. Onchain.,https://coinrule.com/,https://s3.eu-west-3.amazonaws.com/content.ethccweek.fr/COINRULE_4fabe5f53b.png,,2025-03-06T19:09:19.676Z,2025-03-28T09:08:39.837Z,2025-03-28T18:14:54.116Z
47,Near Foundation,near-foundation,Wagmi,EthCC[8],EthCC[8] Wagmi,"Performant, scalable, and secure, NEAR is the blockchain for AI, powering the user-owned internet.",https://near.org/,https://s3.eu-west-3.amazonaws.com/content.ethccweek.fr/logo_f43afd9e51.png,,2025-03-07T10:49:52.994Z,2025-03-28T09:12:36.770Z,2025-03-28T18:14:54.116Z
48,Mass,mass,Wagmi,EthCC[8],EthCC[8] Wagmi,"An unique, complete and simple self-custodial mobile app for DeFi & RWAs. ",https://mass.money/,https://s3.eu-west-3.amazonaws.com/content.ethccweek.fr/Mass_logo_lockup_yellow_281bfe62f9.png,,2025-03-07T10:53:10.706Z,2025-03-28T16:00:38.419Z,2025-03-28T18:14:54.116Z
49,Dedaub,dedaub,Wagmi,EthCC[8],EthCC[8] Wagmi,"Dedaub specializes in Smart Contract security technology, conducting over 200 audits.",https://dedaub.com/,https://s3.eu-west-3.amazonaws.com/content.ethccweek.fr/Dedaub_831ac2cd8e.png,,2025-03-07T16:53:53.930Z,2025-03-28T09:08:47.457Z,2025-03-28T18:14:54.116Z
50,Oasis Protocol,oasis-protocol,Wagmi,EthCC[8],EthCC[8] Wagmi,Smart privacy starts here.,https://oasisprotocol.org/,https://s3.eu-west-3.amazonaws.com/content.ethccweek.fr/OASIS_eec04858f2.png,,2025-03-10T20:25:02.647Z,2025-03-28T09:12:56.044Z,2025-03-28T18:14:54.116Z
51,Kakarot,kakarot,Wagmi,EthCC[8],EthCC[8] Wagmi,Realtime Proving.,https://www.kakarot.org/,https://s3.eu-west-3.amazonaws.com/content.ethccweek.fr/Kakarot_684c855f31.png,,2025-03-11T13:52:02.057Z,2025-04-01T15:41:55.664Z,2025-03-28T18:16:19.058Z
53,Sideshift.ai,sideshift-ai,Wagmi,EthCC[8],EthCC[8] Wagmi,The Direct to Wallet crypto exchange.,https://sideshift.ai/,https://s3.eu-west-3.amazonaws.com/content.ethccweek.fr/Side_Shift_97069574b9.png,,2025-03-14T10:04:41.927Z,2025-03-28T09:10:10.438Z,2025-03-28T18:16:19.058Z
54,Optalysys,optalysys,Wagmi,EthCC[8],EthCC[8] Wagmi,"Enabling a world of secure AI, Optalysys uses the power of advanced silicon photonics to accelerate Fully Homomorphic Encryption (FHE), processing encrypted data at scale.",https://optalysys.com/,https://s3.eu-west-3.amazonaws.com/content.ethccweek.fr/Optalysys_112e12ab79.png,,2025-03-17T15:09:29.114Z,2025-03-28T09:12:46.217Z,2025-03-28T18:16:33.231Z
56,Sentio,sentio,Wagmi,EthCC[8],EthCC[8] Wagmi,"We deliver fast, versatile, and scalable crypto data—a product developers love.",https://www.sentio.xyz/,https://s3.eu-west-3.amazonaws.com/content.ethccweek.fr/SENTIO_188ed0468f.png,,2025-03-24T11:16:07.342Z,2025-03-28T09:10:21.949Z,2025-03-28T18:17:22.764Z
57,Self Protocol,self-protocol,Wagmi,EthCC[8],EthCC[8] Wagmi,"Self Protocol is a new zkPassport protocol for proving your humanity and key identity attributes like age, citizenship, and others—all without revealing personal data.
",https://self.xyz/,https://s3.eu-west-3.amazonaws.com/content.ethccweek.fr/Self_Lockup_9e4f40f5ae.png,,2025-03-24T11:26:29.523Z,2025-03-28T09:10:30.131Z,2025-03-28T18:17:22.764Z
58,ivault,ivault,Wagmi,EthCC[8],EthCC[8] Wagmi,"A decentralized Peer-to-Peer rental marketplace. Powered by the IVT Token​ and patented verification.
The worlds 1st.",https://ivault.io/fr,https://s3.eu-west-3.amazonaws.com/content.ethccweek.fr/ivault_35af99ce0a.png,,2025-03-25T10:47:59.008Z,2025-06-11T22:52:40.487Z,2025-03-28T18:17:22.764Z
59,Aave,aave,Wagmi,EthCC[8],EthCC[8] Wagmi,"The world’s largest liquidity protocol. Supply, borrow, swap, stake, and more.",https://aave.com/,https://s3.eu-west-3.amazonaws.com/content.ethccweek.fr/AAVE_ad7f8581ec.png,,2025-03-25T17:57:50.854Z,2025-03-28T09:08:16.975Z,2025-03-28T18:17:22.764Z
60,Lens,lens,Wagmi,EthCC[8],EthCC[8] Wagmi,The SocialFi chain. Secured by Ethereum.,https://www.lens.xyz/,https://s3.eu-west-3.amazonaws.com/content.ethccweek.fr/lens_horizontal_black_605fc48f01.png,,2025-03-25T18:52:26.294Z,2025-03-28T09:11:19.260Z,2025-03-28T18:17:22.764Z
62,Nexus Mutual,nexus-mutual,Wagmi,EthCC[8],EthCC[8] Wagmi,The leading onchain insurance alternative.,https://nexusmutual.io/,https://s3.eu-west-3.amazonaws.com/content.ethccweek.fr/Nexus_Mutual_Logo_2x_d4e086c23d.png,,2025-03-27T16:15:57.423Z,2025-03-28T09:13:24.169Z,2025-03-28T18:17:22.764Z
63,Ambire,ambire,Wagmi,EthCC[8],EthCC[8] Wagmi,The Web3 wallet that makes self-custody easy and secure.,https://www.ambire.com/,https://s3.eu-west-3.amazonaws.com/content.ethccweek.fr/Ambire_4f2d64bcf4.png,,2025-04-01T15:47:30.533Z,2025-05-23T09:44:29.289Z,2025-04-01T15:47:31.348Z
64,Halborn,halborn,Wagmi,EthCC[8],EthCC[8] Wagmi,"Halborn is the industry-leading blockchain security firm, trusted by top financial institutions and Web3 leaders for enterprise-grade digital asset protection.",https://www.halborn.com/,https://s3.eu-west-3.amazonaws.com/content.ethccweek.fr/Halborn_ea5e471e57.png,,2025-04-01T15:54:12.663Z,2025-05-23T09:45:29.961Z,2025-04-01T15:54:13.660Z
65,Kadena,kadena,Wagmi,EthCC[8],EthCC[8] Wagmi,Kadena is the the industry’s only truly scalable Layer 1 Proof of Work blockchain.,https://www.kadena.io/,https://s3.eu-west-3.amazonaws.com/content.ethccweek.fr/Kadena_4e86247a02.png,,2025-04-03T13:26:10.111Z,2025-04-03T13:26:11.563Z,2025-04-03T13:26:11.559Z
66,Neon EVM,neon-evm,Wagmi,EthCC[8],EthCC[8] Wagmi,,https://neonevm.org/,https://s3.eu-west-3.amazonaws.com/content.ethccweek.fr/Neon_EVM_Main_Logo_bcc9cececa.png,,2025-04-17T12:39:49.639Z,2025-06-04T08:45:39.426Z,2025-04-17T12:39:51.149Z
67,Matcha,matcha,Wagmi,EthCC[8],EthCC[8] Wagmi,"Get optimal prices with deep onchain liquidity. Trade tokens as soon as they launch on matcha.xyz, the DEX aggregator by 0x.",https://matcha.xyz?utm_source=ethcc&utm_medium=website,https://s3.eu-west-3.amazonaws.com/content.ethccweek.fr/matcha_by_0x_logo_cbd89988e2.png,,2025-04-22T10:17:45.686Z,2025-05-23T09:46:22.183Z,2025-04-22T10:17:46.859Z
68,Veridise,veridise,Wagmi,EthCC[8],EthCC[8] Wagmi,Hardening blockchain security with Formal Methods.,https://veridise.com/,https://s3.eu-west-3.amazonaws.com/content.ethccweek.fr/Veridise_logo_color_black_9328c3c3eb.png,,2025-04-25T08:28:43.627Z,2025-05-23T09:45:43.314Z,2025-04-25T08:28:44.565Z
69,Epic Web3,epic-web3,Wagmi,EthCC[8],EthCC[8] Wagmi,"Connecting the industry, accelerating deals. Epic Web3 curates high-quality, professional spaces where breakthrough collaborations emerge.",https://lu.ma/epicweb3calendar,https://s3.eu-west-3.amazonaws.com/content.ethccweek.fr/logo_Epic_solid_black_045d5b2fb2.png,,2025-05-02T12:25:46.352Z,2025-05-23T09:45:18.761Z,2025-05-02T12:25:47.047Z
70,Token Terminal,token-terminal,Wagmi,EthCC[8],EthCC[8] Wagmi,Token Terminal is a full stack onchain data platform focused on standardizing financial and alternative data for the most widely used blockchains and decentralized applications.,https://tokenterminal.com/,https://s3.eu-west-3.amazonaws.com/content.ethccweek.fr/Token_terminal_246c1238f8.png,,2025-05-10T14:36:47.273Z,2025-05-23T09:45:54.230Z,2025-05-10T14:36:47.988Z
76,Lista DAO,lista-dao,Wagmi,EthCC[8],EthCC[8] Wagmi,"All in BNBFi: Redefining BNB with Liquid Staking, Lista Lending and CDP solutions.",https://lista.org/,https://s3.eu-west-3.amazonaws.com/content.ethccweek.fr/Lista_DAO_a015d5ec34.png,,2025-05-18T08:13:23.910Z,2025-05-23T09:45:08.834Z,2025-05-18T08:13:24.666Z
78,Certora,certora,Wagmi,EthCC[8],EthCC[8] Wagmi,Certora is a web3 security company that provides smart contract audits and industry-leading formal verification tools.,https://www.certora.com/,https://s3.eu-west-3.amazonaws.com/content.ethccweek.fr/Certora_90dd924126.png,,2025-05-21T22:00:21.393Z,2025-05-23T09:44:39.150Z,2025-05-21T22:00:22.134Z
79,Onflow,onflow,Wagmi,EthCC[8],EthCC[8] Wagmi,"Onflow, developed by Sundial. Making it fast, secure & convenient for both users and companies by leveraging novel zero-knowledge constructions.",https://onflow.xyz/,https://s3.eu-west-3.amazonaws.com/content.ethccweek.fr/onflow_png_highres_664c505463.png,,2025-05-21T23:27:31.405Z,2025-05-23T09:46:38.486Z,2025-05-21T23:27:32.399Z
84,Cometh,cometh,Wagmi,EthCC[8],EthCC[8] Wagmi,"One API to integrate DeFi custody, staking, trading and payments. Enterprise-grade compliance, Web3 flexibility.",https://cometh.io/,https://s3.eu-west-3.amazonaws.com/content.ethccweek.fr/cometh_logo_booth_708fc83055.svg,,2025-05-26T11:58:51.101Z,2025-06-04T08:44:53.303Z,2025-05-26T11:58:51.827Z
85,Monerium,monerium,Wagmi,EthCC[8],EthCC[8] Wagmi,"Monerium is bringing regulated fiat currency to the blockchain, where everything of value will be stored and transacted. A true programmable digital regulated e-money.",https://monerium.com/,https://s3.eu-west-3.amazonaws.com/content.ethccweek.fr/monerium_logo_34d9c308c9.svg,,2025-05-27T18:31:00.659Z,2025-06-13T17:48:05.648Z,2025-05-27T18:31:26.042Z
86,Starknet Foundation,starknet-foundation,Wagmi,EthCC[8],EthCC[8] Wagmi,"The Starknet Foundation stewards the growth and development of the Starknet ecosystem by providing the tools, resources, and support needed to create transformative solutions.",https://www.starknet.org/,https://s3.eu-west-3.amazonaws.com/content.ethccweek.fr/SNF_Linear_Mono_Light_43ac908611.png,,2025-05-28T07:01:56.679Z,2025-06-04T08:46:14.267Z,2025-05-28T07:01:57.864Z
88,TAC,tac,Wagmi,EthCC[8],EthCC[8] Wagmi,"""TAC is a purpose-built blockchain for EVM dApps to access TON and Telegram Ecosystem’s 1B+ user base.""",https://tac.build/,https://s3.eu-west-3.amazonaws.com/content.ethccweek.fr/TAC_Logo_Horizontal_Dark_c91f3cf72b.svg,,2025-05-28T14:35:27.284Z,2025-06-04T08:45:29.334Z,2025-05-28T14:35:30.852Z
92,Google Cloud,sponsor,Wagmi,EthCC[8],EthCC[8] Wagmi,Empowering the next generation of decentralised applications and services by helping developers and businesses build and scale in the Web3 space.,https://cloud.google.com/,https://s3.eu-west-3.amazonaws.com/content.ethccweek.fr/Google_Cloud_49acb4e734.svg,,2025-06-05T11:03:23.485Z,2025-06-06T10:49:39.214Z,2025-06-05T11:03:24.973Z
97,Global Ledger,sponsor-5,Wagmi,EthCC[8],EthCC[8] Wagmi,"Effortless AML compliance that matches DeFi speed: real-time monitoring, risk scoring, alerts, and zero-fuss reporting.",https://www.globalledger.io/,https://s3.eu-west-3.amazonaws.com/content.ethccweek.fr/logo_1_6d42208b39.svg,,2025-06-11T22:52:20.522Z,2025-06-13T17:46:35.491Z,2025-06-11T22:52:21.577Z
99,Crypto.com,sponsor-7,Wagmi,EthCC[8],EthCC[8] Wagmi,The world’s premier Crypto trading platform. Get up to 1 BTC worth of rewards when you start trading. ,https://crypto.com/eea,https://s3.eu-west-3.amazonaws.com/content.ethccweek.fr/Full_Colour_Horizontal_aaa51ddec4.png,,2025-06-20T11:02:09.707Z,2025-06-20T11:02:10.439Z,2025-06-20T11:02:10.436Z
101,Tron,sponsor-9,Wagmi,EthCC[8],EthCC[8] Wagmi," TRON is the most trusted network for developers, institutions, and individuals worldwide.",https://trondao.org/,https://s3.eu-west-3.amazonaws.com/content.ethccweek.fr/TRON_Logo_Colored_Black_369ac7a421.svg,,2025-06-23T23:30:53.636Z,2025-06-23T23:30:54.608Z,2025-06-23T23:30:54.605Z
102,Mento,sponsor-10,Wagmi,EthCC[8],EthCC[8] Wagmi,The Place for Onchain FX,https://www.mento.org/,https://s3.eu-west-3.amazonaws.com/content.ethccweek.fr/mento_logo_dark_6c170c8a95.png,,2025-06-24T09:45:25.367Z,2025-06-24T09:45:26.490Z,2025-06-24T09:45:26.487Z
103,Zivoe,sponsor-11,Wagmi,EthCC[8],EthCC[8] Wagmi,Earn sustainable yield from real-world consumer credit.,https://www.zivoe.com/,https://s3.eu-west-3.amazonaws.com/content.ethccweek.fr/Zivoe_Logo_Color_Dark_4x_fd933d28b1.png,,2025-06-24T18:11:50.753Z,2025-06-24T18:11:52.419Z,2025-06-24T18:11:52.416Z
143,BeInCrypto,sponsor-47,Media Partners,EthCC[9],Media Partners,,https://beincrypto.com/,https://s3.eu-west-3.amazonaws.com/content.ethccweek.fr/Be_In_Crypto_logo_logo_6b53442203.png,,2026-02-23T18:04:34.584Z,2026-02-23T18:04:36.082Z,2026-02-23T18:04:36.076Z
144,Cointelegraph,sponsor-48,Media Partners,EthCC[9],Media Partners,,https://cointelegraph.com/,https://s3.eu-west-3.amazonaws.com/content.ethccweek.fr/CT_logo_Black_Yellow_tag_1_d9ed089816.png,,2026-02-23T18:09:44.232Z,2026-02-23T18:09:46.201Z,2026-02-23T18:09:46.198Z
145,DL News,sponsor-49,Media Partners,EthCC[9],Media Partners,,https://www.dlnews.com/,https://s3.eu-west-3.amazonaws.com/content.ethccweek.fr/unnamed_4e4e9829c5.png,,2026-02-23T18:11:07.176Z,2026-02-23T18:11:08.166Z,2026-02-23T18:11:08.145Z
146,The Defiant,sponsor-50,Media Partners,EthCC[9],Media Partners,,https://thedefiant.io/,https://s3.eu-west-3.amazonaws.com/content.ethccweek.fr/The_Defiant_RGB_Rectangle1_L_Black_4x_b5717c56d1.png,,2026-02-23T18:14:00.417Z,2026-02-23T18:14:33.334Z,2026-02-23T18:14:02.099Z
154,CCN,sponsor-58,Media Partners,EthCC[9],Media Partners,,https://www.ccn.com/,https://s3.eu-west-3.amazonaws.com/content.ethccweek.fr/image_2026_01_27_10_34_19_5a4ec9f4e3.png,,2026-03-01T17:45:07.508Z,2026-03-01T17:45:09.531Z,2026-03-01T17:45:09.527Z
155,The Block,sponsor-59,Media Partners,EthCC[9],Media Partners,,https://www.theblock.co/,https://s3.eu-west-3.amazonaws.com/content.ethccweek.fr/TB_Logo_Black_2322cc2730.png,,2026-03-01T17:52:55.337Z,2026-03-02T14:07:29.182Z,2026-03-01T17:52:56.525Z
141,Wildcat,sponsor-45,Pearl,EthCC[9],Pearl,"Wildcat turns private credit public, on-chain. Bringing undercollateralized credit markets to Ethereum with configurable terms.",https://wildcat.finance/,https://s3.eu-west-3.amazonaws.com/content.ethccweek.fr/Logo_svg_b8c5e3de38.svg,,2026-02-17T17:10:03.302Z,2026-02-17T17:10:05.772Z,2026-02-17T17:10:05.768Z
147,POAP,sponsor-51,Pearl,EthCC[9],Pearl,POAP helps issuers make digital collectibles for life's precious moments.,https://poap.xyz/,https://s3.eu-west-3.amazonaws.com/content.ethccweek.fr/LOGO_POAP_RGB_72dpi_500_0361d1d501.png,,2026-02-24T18:14:32.828Z,2026-02-24T18:14:33.929Z,2026-02-24T18:14:33.923Z
153,Zerobase Pro,sponsor-57,Pearl,EthCC[9],Pearl," Proving Network for Real Yield
",https://zerobase.pro/,https://s3.eu-west-3.amazonaws.com/content.ethccweek.fr/Main_Type_blue_ac7e881a13.svg,,2026-03-01T17:33:37.179Z,2026-03-01T18:30:45.751Z,2026-03-01T17:33:38.163Z
161,Safe,sponsor-64,Pearl,EthCC[9],Pearl,Multisig Wallet & Smart Account Ecosystem .,https://safefoundation.org/,https://s3.eu-west-3.amazonaws.com/content.ethccweek.fr/SAFE_3fbebb0afb.png,,2026-03-06T18:47:40.562Z,2026-03-06T18:47:41.948Z,2026-03-06T18:47:41.945Z
168,Galxe,sponsor-71,Pearl,EthCC[9],Pearl,The leading web3 growth platform. ,https://www.galxe.com/,https://s3.eu-west-3.amazonaws.com/content.ethccweek.fr/Galxe_Black_28587bcbc9.png,,2026-03-09T13:30:15.963Z,2026-03-09T13:30:17.137Z,2026-03-09T13:30:17.134Z
170,Brevis,sponsor-73,Pearl,EthCC[9],Pearl,"Brevis is a verifiable computing platform powered by zero-knowledge proofs, serving as the infinite compute layer for Web3. Applications can offload expensive computations off-chain while proving every result on-chain.",https://brevis.network/,https://s3.eu-west-3.amazonaws.com/content.ethccweek.fr/dark_text_horizontal_b5f244e2e1.png,,2026-03-09T23:59:56.800Z,2026-03-09T23:59:57.726Z,2026-03-09T23:59:57.723Z
173,E Toro,sponsor-76,Pearl,EthCC[9],Pearl,"eToro — the social investing platform to trade crypto, stocks and ETFs and copy top investors worldwide.",https://go.etoro.com/en/deposit/200-get-50-EthCC?utm_medium=Affiliate&utm_source=128693&utm_content=22266&utm_serial=&utm_campaign=&utm_term=,https://s3.eu-west-3.amazonaws.com/content.ethccweek.fr/100x33_1_6d8855ddcf.png,,2026-03-11T19:20:29.541Z,2026-03-13T11:46:27.467Z,2026-03-11T19:20:30.408Z
176,Stand With Crypto,sponsor-79,Pearl,EthCC[9],Pearl,The grassroots voice of crypto in the EU.,https://www.standwithcrypto.org/eu/fr,https://s3.eu-west-3.amazonaws.com/content.ethccweek.fr/SWC_EU_Logo_d9da22b95a.png,,2026-03-12T19:05:58.302Z,2026-03-12T19:05:59.199Z,2026-03-12T19:05:59.197Z
177,Sigma,sponsor-80,Pearl,EthCC[9],Pearl,Solutions for a secure & decentralised world.,https://sigmaprime.io/,https://s3.eu-west-3.amazonaws.com/content.ethccweek.fr/sigp_full_logo_black_df1ae6f260.png,,2026-03-12T19:09:47.100Z,2026-03-12T19:09:47.943Z,2026-03-12T19:09:47.939Z
178,Cropr,sponsor-81,Pearl,EthCC[9],Pearl,The all-in-one DeFi aggregator to simplify and grow your portfolio - across chains and wallets.,https://www.cropr.finance/,https://s3.eu-west-3.amazonaws.com/content.ethccweek.fr/Full_logo_duo_on_light_2x_db80f2ab24.png,,2026-03-12T19:18:58.497Z,2026-03-12T19:18:59.480Z,2026-03-12T19:18:59.477Z
179,Dual,sponsor-82,Pearl,EthCC[9],Pearl,DUAL is an enterprise-grade Layer 2 and protocol for programmable asset tokenization. Used by Fortune 500 for real-world and agentic applications.,https://www.dual.org/,https://s3.eu-west-3.amazonaws.com/content.ethccweek.fr/dual_logo_318d0270d9.png,,2026-03-13T11:32:35.251Z,2026-03-13T14:56:23.089Z,2026-03-13T11:34:03.639Z
180,Linea,sponsor-83,Pearl,EthCC[9],Pearl,Linea is the Layer 2 network built from first principles to strengthen Ethereum and the entire ETH economy.,https://linea.build/,https://s3.eu-west-3.amazonaws.com/content.ethccweek.fr/Linea_Logo_8ab55f4232.png,,2026-03-13T14:54:23.633Z,2026-03-13T14:54:34.615Z,2026-03-13T14:54:34.612Z
110,Tangem,sponsor-16,Ruby,EthCC[9],Ruby,"Tangem is building the future of self-custody. We create radically simple and secure ways for anyone to own, access, and use their digital assets. ",https://tangem.com/en/,https://s3.eu-west-3.amazonaws.com/content.ethccweek.fr/logo_black_RGB_34eb9cba23.png,,2025-11-14T15:52:47.289Z,2025-11-14T15:52:49.100Z,2025-11-14T15:52:49.095Z
114,Pharos,sponsor-20,Ruby,EthCC[9],Ruby,"Pharos is the inclusive financial layer 1 for RealFi, where real value and institutional grade assets are accessible to all. ",https://www.pharos.xyz/,https://s3.eu-west-3.amazonaws.com/content.ethccweek.fr/Pharos_22c7ff68cb.png,,2025-11-18T20:14:42.718Z,2025-11-18T20:14:43.483Z,2025-11-18T20:14:43.480Z
119,Cake Wallet,sponsor-25,Ruby,EthCC[9],Ruby,"Since 2018, we've been providing over 1M people like you a secure, seamless, and reliable way to store, send, and exchange crypto with confidence.",https://cakewallet.com/?utm_source=ethcc&utm_medium=web&utm_campaign=sponsor,https://s3.eu-west-3.amazonaws.com/content.ethccweek.fr/horizontal_fondant_cc87604148.svg,,2026-01-12T14:56:56.046Z,2026-01-12T14:56:57.026Z,2026-01-12T14:56:57.023Z
120,Trezor,sponsor-26,Ruby,EthCC[9],Ruby,Creators of the world's first hardware wallet. Setting the standard in crypto security since 2013.,https://trezor.io/,https://s3.eu-west-3.amazonaws.com/content.ethccweek.fr/trezor_main_logo_black_rgb_e617ec095e.png,,2026-01-13T15:19:19.260Z,2026-01-16T12:34:59.152Z,2026-01-13T15:19:20.779Z
123,World,sponsor-29,Ruby,EthCC[9],Ruby,"Universal proof of human, finance and connection for every human.",https://world.org/,https://s3.eu-west-3.amazonaws.com/content.ethccweek.fr/World_Logo_Black_RGB_bf3f17d428.png,,2026-01-26T12:47:31.114Z,2026-01-26T12:47:32.451Z,2026-01-26T12:47:32.447Z
137,Lido,sponsor-41,Ruby,EthCC[9],Ruby,Staking made easy.,https://lido.fi/,https://s3.eu-west-3.amazonaws.com/content.ethccweek.fr/LIDO_5ec01ce980.png,,2026-02-10T16:12:24.566Z,2026-02-10T16:14:51.651Z,2026-02-10T16:14:51.647Z
138,Latitude SH,sponsor-42,Ruby,EthCC[9],Ruby,"Latitude.sh, from Megaport, is the most Web3-friendly compute platform available today, providing an unmatched experience that puts developers first.",https://www.latitude.sh/,https://s3.eu-west-3.amazonaws.com/content.ethccweek.fr/01_Red_Black_from_Megaport_2x_f8c19a5d17.png,,2026-02-11T22:10:17.851Z,2026-02-11T22:10:19.095Z,2026-02-11T22:10:19.092Z
139,Canton,sponsor-43,Ruby,EthCC[9],Ruby,,https://www.canton.network/,https://s3.eu-west-3.amazonaws.com/content.ethccweek.fr/Canton_Horizontal_logo_Black_logo_Yellow_C_Black_diamond_bc14e1f80d.svg,,2026-02-16T19:17:40.287Z,2026-02-17T10:06:49.372Z,2026-02-16T19:17:41.173Z
140,Forge,sponsor-44,Ruby,EthCC[9],Ruby,"SG‑FORGE issues USD & EUR Coinvertible MiCA‑compliant stablecoins, provides regulated crypto & investment services & operates on a secure digital asset platform.",https://www.sgforge.com/,https://s3.eu-west-3.amazonaws.com/content.ethccweek.fr/FORGE_103_a846f586ee.svg,,2026-02-17T12:22:12.242Z,2026-02-19T16:35:05.439Z,2026-02-17T12:22:13.405Z
148,Aztec,sponsor-52,Ruby,EthCC[9],Ruby,"Aztec is the leading privacy-first Layer 2 on Ethereum.
It is a fully decentralized, privacy-preserving blockchain that lets you build apps where privacy isn’t an afterthought, it’s the default.",https://aztec.network/,https://s3.eu-west-3.amazonaws.com/content.ethccweek.fr/Aztec_Wordmark_Dark_44b72bf49a.svg,,2026-02-24T18:21:32.663Z,2026-02-24T18:21:33.552Z,2026-02-24T18:21:33.547Z
149,TRON,sponsor-53,Ruby,EthCC[9],Ruby,Agentic AI Payment Infrastructure.,https://tron.network/,https://s3.eu-west-3.amazonaws.com/content.ethccweek.fr/TRON_LOGO_Horizontal_Version_1425cd5ff7.png,,2026-02-26T19:51:13.486Z,2026-03-03T19:25:38.298Z,2026-02-26T19:51:14.786Z
160,AAVE,sponsor-63,Ruby,EthCC[9],Ruby,Powering all global finance.,https://aave.com/,https://s3.eu-west-3.amazonaws.com/content.ethccweek.fr/Logo_purple_67b8ac3fec.png,,2026-03-03T17:47:58.425Z,2026-03-03T17:48:05.423Z,2026-03-03T17:48:05.420Z
159,Gnosis,sponsor-54,Ruby,EthCC[9],Ruby,"Gnosis is a full-stack ecosystem bridging decentralised technology with everyday finance. Gnosis’ mission is to empower every person with greater financial agency and access, while supporting the creation of an open and collectively-owned financial system that benefits all.",https://www.gnosis.io/,https://s3.eu-west-3.amazonaws.com/content.ethccweek.fr/Gnosis_ac4c4f3ea8.png,,2026-03-02T12:08:12.561Z,2026-03-09T12:37:42.560Z,2026-03-02T12:08:14.029Z
184,Ledger,sponsor-87,Ruby,EthCC[9],Ruby,,https://www.ledger.com/,https://s3.eu-west-3.amazonaws.com/content.ethccweek.fr/LEDGER_WORDMARK_BLACK_CMYK_14353a7728.png,,2026-03-14T16:49:57.819Z,2026-03-14T16:49:58.918Z,2026-03-14T16:49:58.913Z
106,Defisaver,sponsor-13,Sapphire,EthCC[9],Sapphire,DeFi Saver is an all-in-one management tool for decentralized finance that integrates multiple leading lending protocols into a single dashboard while providing advanced features that enhance their functionality. ,https://defisaver.com/,https://s3.eu-west-3.amazonaws.com/content.ethccweek.fr/defi_saver_dark_text_2x_4_5cd72909fb.png,,2025-10-31T17:30:40.140Z,2025-10-31T17:30:41.117Z,2025-10-31T17:30:41.113Z
108,Merkl,sponsor-15,Sapphire,EthCC[9],Sapphire,Merkl is the leading incentive and points management platform. ,https://merkl.xyz/,https://s3.eu-west-3.amazonaws.com/content.ethccweek.fr/merkl_logo_light_theme_1e242b778c.png,,2025-10-31T17:48:02.917Z,2025-10-31T17:48:03.796Z,2025-10-31T17:48:03.793Z
111,Zircuit,sponsor-17,Sapphire,EthCC[9],Sapphire,The Safe Haven for Onchain Finance,https://www.zircuit.com/,https://s3.eu-west-3.amazonaws.com/content.ethccweek.fr/Zircuit_Logo_Gold_36f34c8d61.png,,2025-11-14T15:56:22.769Z,2026-02-19T19:18:46.102Z,2025-11-14T15:56:24.756Z
112,Envio,sponsor-18,Sapphire,EthCC[9],Sapphire,"""Envio is a modern, multi-chain EVM blockchain indexer for querying real-time and historical data.""",https://envio.dev/,https://s3.eu-west-3.amazonaws.com/content.ethccweek.fr/Envio_dcca3e016a.png,,2025-11-18T20:01:28.330Z,2025-11-18T20:01:29.398Z,2025-11-18T20:01:29.394Z
113,Plexus,sponsor-19,Sapphire,EthCC[9],Sapphire,The Global leaders in Crypto recruitment,https://plexusrs.com/,https://s3.eu-west-3.amazonaws.com/content.ethccweek.fr/Plexus_Logo_7b1df641e4.png,,2025-11-18T20:10:47.756Z,2025-11-18T20:10:49.594Z,2025-11-18T20:10:49.590Z
115,ivault,sponsor-21,Sapphire,EthCC[9],Sapphire,"Rent, earn, connect. The Web3 app for peer-to-peer sharing of Real World Assets.",https://ivault.io/,https://s3.eu-west-3.amazonaws.com/content.ethccweek.fr/ivault_logo_full_color_positive_horizontal_f960a068eb.png,,2025-11-27T10:52:48.036Z,2025-11-27T10:52:50.112Z,2025-11-27T10:52:50.101Z
116,Monerium,sponsor-22,Sapphire,EthCC[9],Sapphire,Use fiat across banks and blockchains,https://monerium.com/,https://s3.eu-west-3.amazonaws.com/content.ethccweek.fr/monerium_logo_ac6b2d90db.svg,,2025-12-13T16:24:48.556Z,2025-12-13T16:24:49.738Z,2025-12-13T16:24:49.734Z
117,Etherlink,sponsor-23,Sapphire,EthCC[9],Sapphire,The EVM-compatibility layer for Tezos.,https://www.etherlink.com/,https://s3.eu-west-3.amazonaws.com/content.ethccweek.fr/CA_4293_Etherlink_Logo_Refresh_Grey_RGB_525d74e8ad.svg,,2025-12-22T08:29:35.882Z,2025-12-22T08:29:36.647Z,2025-12-22T08:29:36.643Z
118,Chain Patrol,sponsor-24,Sapphire,EthCC[9],Sapphire,"Real-time security for web3 brands, and communities.",https://chainpatrol.com/,https://s3.eu-west-3.amazonaws.com/content.ethccweek.fr/chainpatrol_symbolwordmark_black_new_3f9fdca9a9.png,,2026-01-05T17:16:53.059Z,2026-01-05T17:16:54.522Z,2026-01-05T17:16:54.515Z
121,Dedaub,sponsor-27,Sapphire,EthCC[9],Sapphire,Uncover. Secure. Trust. ,https://dedaub.com/,https://s3.eu-west-3.amazonaws.com/content.ethccweek.fr/Dedaub_Logo_66c3cbe4a2.svg,,2026-01-26T10:18:18.373Z,2026-01-26T10:18:19.201Z,2026-01-26T10:18:19.197Z
122,Nethermind,sponsor-28,Sapphire,EthCC[9],Sapphire,"Nethermind builds and secures core Ethereum infrastructure, from clients and ZK systems to verifiable, privacy-preserving digital identity.",https://www.nethermind.io/,https://s3.eu-west-3.amazonaws.com/content.ethccweek.fr/Nethermind_Dark_Horizontal_cccfa509e6.png,,2026-01-26T10:24:25.372Z,2026-01-26T10:24:26.171Z,2026-01-26T10:24:26.168Z
124,Ambire,sponsor-30,Sapphire,EthCC[9],Sapphire,Your Web3 wallet that just works.,https://www.ambire.com/,https://s3.eu-west-3.amazonaws.com/content.ethccweek.fr/logo_hor_color_black_533f7331a2.png,,2026-01-26T13:31:34.662Z,2026-01-26T13:31:35.496Z,2026-01-26T13:31:35.493Z
125,Nexus Mutual,sponsor-31,Sapphire,EthCC[9],Sapphire,"Nexus Mutual is the first crypto insurance alternative, covering crypto since 2019.",https://nexusmutual.io/,https://s3.eu-west-3.amazonaws.com/content.ethccweek.fr/Nexus_Mutual_Color_Logo_781b825bd9.png,,2026-01-26T21:23:31.792Z,2026-01-26T21:23:32.828Z,2026-01-26T21:23:32.825Z
126,Oasis,sponsor-32,Sapphire,EthCC[9],Sapphire,,https://oasis.net/,https://s3.eu-west-3.amazonaws.com/content.ethccweek.fr/Logo_Blue_2x_65229d32b1.png,,2026-01-27T10:57:08.808Z,2026-01-27T10:57:09.976Z,2026-01-27T10:57:09.973Z
127,Santiment,sponsor-33,Sapphire,EthCC[9],Sapphire,"Santiment: from intelligence to reputation with Play, a fun take on crypto predictions.",https://santiment.net/,https://s3.eu-west-3.amazonaws.com/content.ethccweek.fr/Santiment_logo_243cec732f.svg,,2026-01-27T11:22:32.922Z,2026-02-11T10:19:02.640Z,2026-01-27T11:22:34.158Z
128,Veridise,sponsor-34,Sapphire,EthCC[9],Sapphire,"Hardening blockchain security with Formal Methods — Industry-leading security audits and tools for smart contracts, blockchain, and zero-knowledge.",https://veridise.com/,https://s3.eu-west-3.amazonaws.com/content.ethccweek.fr/Veridise_logo_color_black_3ca7eae560.png,,2026-01-28T12:28:51.459Z,2026-01-28T12:28:52.687Z,2026-01-28T12:28:52.684Z
130,The Graph,sponsor-36,Sapphire,EthCC[9],Sapphire,"The Graph is a blockchain data solution that powers applications, analytics, and AI on 80+ chains.",https://thegraph.com/,https://s3.eu-west-3.amazonaws.com/content.ethccweek.fr/The_Graph_Logo_Darkhi_res_76301aa2ec.png,,2026-01-28T22:26:39.108Z,2026-01-28T22:26:40.172Z,2026-01-28T22:26:40.164Z
133,ZisK,sponsor-39,Sapphire,EthCC[9],Sapphire,"ZisK open-source zkVM toolstack lets you seamlessly prove the execution of high-level programs at scale, with low latency and robust security.",https://zisk.technology/,https://s3.eu-west-3.amazonaws.com/content.ethccweek.fr/Gradient_Dark_151250cce0.png,,2026-02-04T11:53:34.398Z,2026-02-04T11:53:35.264Z,2026-02-04T11:53:35.261Z
156,f(x) Protocol,sponsor-60,Sapphire,EthCC[9],Sapphire,The End of Liquidations!,https://fx.aladdin.club/,https://s3.eu-west-3.amazonaws.com/content.ethccweek.fr/Old_logo_full_black_3x_88f2e22179.png,,2026-03-01T18:07:38.915Z,2026-03-18T14:21:34.717Z,2026-03-01T18:07:40.840Z
157,Crossmint,sponsor-61,Sapphire,EthCC[9],Sapphire,"The all-in-one API for checkouts, onramps, and stablecoins. Trusted by enterprises. Loved by crypto.",https://www.crossmint.com/,https://s3.eu-west-3.amazonaws.com/content.ethccweek.fr/crossmint_original_f677ee6488.png,,2026-03-02T10:09:38.615Z,2026-03-02T10:09:40.178Z,2026-03-02T10:09:40.175Z
162,BitGo,sponsor-65,Sapphire,EthCC[9],Sapphire,The Digital Asset Infrastructure Company.,https://www.bitgo.com/,https://s3.eu-west-3.amazonaws.com/content.ethccweek.fr/Full_Logo_Light_ed68a3e29e.png,,2026-03-09T11:35:48.336Z,2026-03-09T11:35:49.115Z,2026-03-09T11:35:49.111Z
163,CoinFello,sponsor-66,Sapphire,EthCC[9],Sapphire,Your _white glove_ crypo agent.,https://coinfello.com/,https://s3.eu-west-3.amazonaws.com/content.ethccweek.fr/coinfello_logo_horizontallogo_90ae409639.png,,2026-03-09T12:37:11.215Z,2026-03-09T12:37:11.980Z,2026-03-09T12:37:11.976Z
169,Kleros,sponsor-72,Sapphire,EthCC[9],Sapphire,Kleros is a dispute resolution protocol built for the new economy. A justice system solving real-world everyday claims and agent-to-agent disputes.,https://kleros.io/,https://s3.eu-west-3.amazonaws.com/content.ethccweek.fr/Kleros_logo_14381cb5ee.png,,2026-03-09T18:06:07.861Z,2026-03-11T11:27:39.012Z,2026-03-09T18:06:09.338Z
171,bpifrance,sponsor-74,Sapphire,EthCC[9],Sapphire,La banque des entrepeneurs. ,https://www.bpifrance.fr/,https://s3.eu-west-3.amazonaws.com/content.ethccweek.fr/Bpifrance_VI_SD_FB_RVB_2bd50b8997.png,,2026-03-10T18:18:59.011Z,2026-03-10T19:12:17.660Z,2026-03-10T19:12:17.657Z
174,Develp,sponsor-77,Sapphire,EthCC[9],Sapphire,"Develp GmbH supports Ethereum staking protocols with core infrastructure and operational services. We strive to provide high-quality, reliable services to partnering protocols operating Ethereum nodes.",https://develp.co/,https://s3.eu-west-3.amazonaws.com/content.ethccweek.fr/develp_Logo_No_BG_00be75ea00.png,,2026-03-12T13:42:54.858Z,2026-03-12T13:42:55.685Z,2026-03-12T13:42:55.681Z
181,ChangeNOW,sponsor-84,Sapphire,EthCC[9],Sapphire,Change now is a personal crypto management platform that secures a fast route to access Web3 finance via a time-tested simple interface.,https://changenow.io/,https://s3.eu-west-3.amazonaws.com/content.ethccweek.fr/Change_NOW_logo_horizontal_af6bc2b8b2.png,,2026-03-13T17:01:45.259Z,2026-03-13T17:01:46.118Z,2026-03-13T17:01:46.114Z
