record_type,name,sponsor_tier,sponsor_tier_label,website,twitter,linkedin,profile_url
Sponsor,Anchorage Digital,5 Block,Platinum (5 Block),,,,https://consensus.coindesk.com/agenda/sponsor/-anchorage-digital
Sponsor,GoMining,5 Block,Platinum (5 Block),,,,https://consensus.coindesk.com/agenda/sponsor/-gomining
Sponsor,Grayscale,5 Block,Platinum (5 Block),,,,https://consensus.coindesk.com/agenda/sponsor/-grayscale
Sponsor,OKX,5 Block,Platinum (5 Block),,,,https://consensus.coindesk.com/agenda/sponsor/-okx-chain
Sponsor,Solana,5 Block,Platinum (5 Block),,,,https://consensus.coindesk.com/agenda/sponsor/-solana
Sponsor,Acronym Foundation,4 Block,Gold (4 Block),,,,https://consensus.coindesk.com/agenda/sponsor/-acronym-foundation
Sponsor,Bullish,4 Block,Gold (4 Block),,,,https://consensus.coindesk.com/agenda/sponsor/-bullish
Sponsor,Alvarez & Marsal | Crypto,3 Block,Silver (3 Block),,,,https://consensus.coindesk.com/agenda/sponsor/-alvarez-marsal-crypto
Sponsor,AULT Blockchain,3 Block,Silver (3 Block),,,,https://consensus.coindesk.com/agenda/sponsor/-ault-blockchain
Sponsor,"Bridge, a Stripe Company",3 Block,Silver (3 Block),,,,https://consensus.coindesk.com/agenda/sponsor/-bridge-a-stripe-company
Sponsor,Canton,3 Block,Silver (3 Block),,,,https://consensus.coindesk.com/agenda/sponsor/-canton
Sponsor,ChangeNOW,3 Block,Silver (3 Block),,,,https://consensus.coindesk.com/agenda/sponsor/-changenow
Sponsor,Coinbase,3 Block,Silver (3 Block),,,,https://consensus.coindesk.com/agenda/sponsor/-coinbase
Sponsor,CoinDesk Data,3 Block,Silver (3 Block),,,,https://consensus.coindesk.com/agenda/sponsor/-coindesk-data
Sponsor,CoinDesk Indices,3 Block,Silver (3 Block),,,,https://consensus.coindesk.com/agenda/sponsor/-coindesk-indices
Sponsor,EasyA,3 Block,Silver (3 Block),,,,https://consensus.coindesk.com/agenda/sponsor/-easya
Sponsor,Galaxy,3 Block,Silver (3 Block),,,,https://consensus.coindesk.com/agenda/sponsor/-galaxy
Sponsor,Google Cloud,3 Block,Silver (3 Block),,,,https://consensus.coindesk.com/agenda/sponsor/-google-cloud
Sponsor,JPEG Trading,3 Block,Silver (3 Block),,,,https://consensus.coindesk.com/agenda/sponsor/-jpeg-trading
Sponsor,Midnight,3 Block,Silver (3 Block),,,,https://consensus.coindesk.com/agenda/sponsor/-midnight
Sponsor,Paradigm,3 Block,Silver (3 Block),,,,https://consensus.coindesk.com/agenda/sponsor/-paradigm
Sponsor,Paxos,3 Block,Silver (3 Block),,,,https://consensus.coindesk.com/agenda/sponsor/-paxos
Sponsor,PwC,3 Block,Silver (3 Block),,,,https://consensus.coindesk.com/agenda/sponsor/-pwc
Sponsor,Ripple,3 Block,Silver (3 Block),,,,https://consensus.coindesk.com/agenda/sponsor/-ripple
Sponsor,Stand with Crypto,3 Block,Silver (3 Block),,,,https://consensus.coindesk.com/agenda/sponsor/-stand-with-crypto
Sponsor,Virgo.co,3 Block,Silver (3 Block),,,,https://consensus.coindesk.com/agenda/sponsor/-virgo
Sponsor,American Bitcoin,2 Block,Bronze (2 Block),,,,https://consensus.coindesk.com/agenda/sponsor/-american-bitcoin-2
Sponsor,Arculus,2 Block,Bronze (2 Block),,,,https://consensus.coindesk.com/agenda/sponsor/-arculus
Sponsor,Babylon,2 Block,Bronze (2 Block),,,,https://consensus.coindesk.com/agenda/sponsor/-babylon
Sponsor,BitGo,2 Block,Bronze (2 Block),,,,https://consensus.coindesk.com/agenda/sponsor/-bitgo-2
Sponsor,BitMart US,2 Block,Bronze (2 Block),,,,https://consensus.coindesk.com/agenda/sponsor/-bitmart-us
Sponsor,Broadridge,2 Block,Bronze (2 Block),,,,https://consensus.coindesk.com/agenda/sponsor/-broadridge
Sponsor,Cahill,2 Block,Bronze (2 Block),,,,https://consensus.coindesk.com/agenda/sponsor/-cahill
Sponsor,Canaccord Genuity,2 Block,Bronze (2 Block),,,,https://consensus.coindesk.com/agenda/sponsor/-canaccord-genuity
Sponsor,Celo,2 Block,Bronze (2 Block),,,,https://consensus.coindesk.com/agenda/sponsor/-celo
Sponsor,Circle,2 Block,Bronze (2 Block),,,,https://consensus.coindesk.com/agenda/sponsor/-circle
Sponsor,EDX Markets,2 Block,Bronze (2 Block),,,,https://consensus.coindesk.com/agenda/sponsor/-edx-markets
Sponsor,Fidelity Digital Assets,2 Block,Bronze (2 Block),,,,https://consensus.coindesk.com/agenda/sponsor/-fidelity-digital-assets
Sponsor,GIWA by Upbit,2 Block,Bronze (2 Block),,,,https://consensus.coindesk.com/agenda/sponsor/-giwa-by-upbit
Sponsor,Hedera,2 Block,Bronze (2 Block),,,,https://consensus.coindesk.com/agenda/sponsor/-hedera
Sponsor,Hypernative,2 Block,Bronze (2 Block),,,,https://consensus.coindesk.com/agenda/sponsor/-hypernative
Sponsor,Kinexys by J.P. Morgan,2 Block,Bronze (2 Block),,,,https://consensus.coindesk.com/agenda/sponsor/-jp-morgan
Sponsor,Komainu,2 Block,Bronze (2 Block),,,,https://consensus.coindesk.com/agenda/sponsor/-komainu
Sponsor,KPMG,2 Block,Bronze (2 Block),,,,https://consensus.coindesk.com/agenda/sponsor/-kpmg
Sponsor,Ledn,2 Block,Bronze (2 Block),,,,https://consensus.coindesk.com/agenda/sponsor/-ledn
Sponsor,LIMITED,2 Block,Bronze (2 Block),,,,https://consensus.coindesk.com/agenda/sponsor/-limited
Sponsor,Mesta,2 Block,Bronze (2 Block),,,,https://consensus.coindesk.com/agenda/sponsor/-mesta
Sponsor,MoonPay,2 Block,Bronze (2 Block),,,,https://consensus.coindesk.com/agenda/sponsor/-moonpay-2
Sponsor,Morgan Stanley,2 Block,Bronze (2 Block),,,,https://consensus.coindesk.com/agenda/sponsor/-morgan-stanley-2
Sponsor,OpenFX,2 Block,Bronze (2 Block),,,,https://consensus.coindesk.com/agenda/sponsor/-openfx
Sponsor,Optimism,2 Block,Bronze (2 Block),,,,https://consensus.coindesk.com/agenda/sponsor/-optimism
Sponsor,Orca,2 Block,Bronze (2 Block),,,,https://consensus.coindesk.com/agenda/sponsor/-orca
Sponsor,Polkadot,2 Block,Bronze (2 Block),,,,https://consensus.coindesk.com/agenda/sponsor/-polkadot
Sponsor,Polymarket,2 Block,Bronze (2 Block),,,,https://consensus.coindesk.com/agenda/sponsor/-polymarket
Sponsor,Robinhood,2 Block,Bronze (2 Block),,,,https://consensus.coindesk.com/agenda/sponsor/-robinhood
Sponsor,Sui,2 Block,Bronze (2 Block),,,,https://consensus.coindesk.com/agenda/sponsor/-sui
Sponsor,Tether,2 Block,Bronze (2 Block),,,,https://consensus.coindesk.com/agenda/sponsor/-tether
Sponsor,Uniswap Labs,2 Block,Bronze (2 Block),,,,https://consensus.coindesk.com/agenda/sponsor/-uniswap-labs
Sponsor,Wintermute,2 Block,Bronze (2 Block),,,,https://consensus.coindesk.com/agenda/sponsor/-wintermute
Sponsor,Xsolla,2 Block,Bronze (2 Block),,,,https://consensus.coindesk.com/agenda/sponsor/-xsolla
Sponsor,10102,1 Block,Supporter (1 Block),,,,https://consensus.coindesk.com/agenda/sponsor/-10102
Sponsor,Alchemy Pay,1 Block,Supporter (1 Block),,,,https://consensus.coindesk.com/agenda/sponsor/-alchemy-pay
Sponsor,AlloyX Group,1 Block,Supporter (1 Block),,,,https://consensus.coindesk.com/agenda/sponsor/-alloyx-group
Sponsor,AML RightSource,1 Block,Supporter (1 Block),,,,https://consensus.coindesk.com/agenda/sponsor/-aml-rightsource
Sponsor,Arista,1 Block,Supporter (1 Block),,,,https://consensus.coindesk.com/agenda/sponsor/-arista
Sponsor,ATB Cormark Capital Markets,1 Block,Supporter (1 Block),,,,https://consensus.coindesk.com/agenda/sponsor/-atb
Sponsor,Avahi,1 Block,Supporter (1 Block),,,,https://consensus.coindesk.com/agenda/sponsor/-avahi
Sponsor,AVAX One,1 Block,Supporter (1 Block),,,,https://consensus.coindesk.com/agenda/sponsor/-avax-one-technology-ltd
Sponsor,Avelacom,1 Block,Supporter (1 Block),,,,https://consensus.coindesk.com/agenda/sponsor/-avelacom
Sponsor,Bakkt,1 Block,Supporter (1 Block),,,,https://consensus.coindesk.com/agenda/sponsor/-bakkt
Sponsor,Bequant,1 Block,Supporter (1 Block),,,,https://consensus.coindesk.com/agenda/sponsor/-bequant
Sponsor,Bitwave,1 Block,Supporter (1 Block),,,,https://consensus.coindesk.com/agenda/sponsor/-bitwave
Sponsor,Blockaid,1 Block,Supporter (1 Block),,,,https://consensus.coindesk.com/agenda/sponsor/-blockaid
Sponsor,Blockdaemon,1 Block,Supporter (1 Block),,,,https://consensus.coindesk.com/agenda/sponsor/-blockdaemon
Sponsor,Bloq,1 Block,Supporter (1 Block),,,,https://consensus.coindesk.com/agenda/sponsor/-bloq
Sponsor,BNY,1 Block,Supporter (1 Block),,,,https://consensus.coindesk.com/agenda/sponsor/-bny
Sponsor,Boerse Stuttgart Digital,1 Block,Supporter (1 Block),,,,https://consensus.coindesk.com/agenda/sponsor/-boerse-stuttgart-digital
Sponsor,Brave,1 Block,Supporter (1 Block),,,,https://consensus.coindesk.com/agenda/sponsor/-brave
Sponsor,Calamos Investments,1 Block,Supporter (1 Block),,,,https://consensus.coindesk.com/agenda/sponsor/-calamos-investments
Sponsor,Canary Capital,1 Block,Supporter (1 Block),,,,https://consensus.coindesk.com/agenda/sponsor/-canary-capital
Sponsor,Celsius Network,1 Block,Supporter (1 Block),,,,https://consensus.coindesk.com/agenda/sponsor/-celsius-network
Sponsor,Chainalysis,1 Block,Supporter (1 Block),,,,https://consensus.coindesk.com/agenda/sponsor/-chainalysis
Sponsor,Chainlink,1 Block,Supporter (1 Block),,,,https://consensus.coindesk.com/agenda/sponsor/-chainlink
Sponsor,Chiliz,1 Block,Supporter (1 Block),,,,https://consensus.coindesk.com/agenda/sponsor/-chiliz
Sponsor,Clearpool,1 Block,Supporter (1 Block),,,,https://consensus.coindesk.com/agenda/sponsor/-clearpool
Sponsor,Cloudflare,1 Block,Supporter (1 Block),,,,https://consensus.coindesk.com/agenda/sponsor/-cloudflare
Sponsor,Coincover,1 Block,Supporter (1 Block),,,,https://consensus.coindesk.com/agenda/sponsor/-coincover
Sponsor,Copper,1 Block,Supporter (1 Block),,,,https://consensus.coindesk.com/agenda/sponsor/-copper
Sponsor,Credora,1 Block,Supporter (1 Block),,,,https://consensus.coindesk.com/agenda/sponsor/-credora
Sponsor,CrossMint,1 Block,Supporter (1 Block),,,,https://consensus.coindesk.com/agenda/sponsor/-crossmint
Sponsor,Crypto.com,1 Block,Supporter (1 Block),,,,https://consensus.coindesk.com/agenda/sponsor/-cryptocom
Sponsor,CryptoQuant,1 Block,Supporter (1 Block),,,,https://consensus.coindesk.com/agenda/sponsor/-cryptoquant
Sponsor,Custodia Bank,1 Block,Supporter (1 Block),,,,https://consensus.coindesk.com/agenda/sponsor/-custodia-bank
Sponsor,dYdX,1 Block,Supporter (1 Block),,,,https://consensus.coindesk.com/agenda/sponsor/-dydx
Sponsor,Elliptic,1 Block,Supporter (1 Block),,,,https://consensus.coindesk.com/agenda/sponsor/-elliptic
Sponsor,eToro,1 Block,Supporter (1 Block),,,,https://consensus.coindesk.com/agenda/sponsor/-etoro
Sponsor,Ethena,1 Block,Supporter (1 Block),,,,https://consensus.coindesk.com/agenda/sponsor/-ethena
Sponsor,Euler,1 Block,Supporter (1 Block),,,,https://consensus.coindesk.com/agenda/sponsor/-euler
Sponsor,Exodus,1 Block,Supporter (1 Block),,,,https://consensus.coindesk.com/agenda/sponsor/-exodus
Sponsor,Figure,1 Block,Supporter (1 Block),,,,https://consensus.coindesk.com/agenda/sponsor/-figure
Sponsor,Fireblocks,1 Block,Supporter (1 Block),,,,https://consensus.coindesk.com/agenda/sponsor/-fireblocks
Sponsor,FIS,1 Block,Supporter (1 Block),,,,https://consensus.coindesk.com/agenda/sponsor/-fis
Sponsor,Flare,1 Block,Supporter (1 Block),,,,https://consensus.coindesk.com/agenda/sponsor/-flare
Sponsor,Flashbots,1 Block,Supporter (1 Block),,,,https://consensus.coindesk.com/agenda/sponsor/-flashbots
Sponsor,Fold,1 Block,Supporter (1 Block),,,,https://consensus.coindesk.com/agenda/sponsor/-fold
Sponsor,Fordefi,1 Block,Supporter (1 Block),,,,https://consensus.coindesk.com/agenda/sponsor/-fordefi
Sponsor,Gemini,1 Block,Supporter (1 Block),,,,https://consensus.coindesk.com/agenda/sponsor/-gemini
Sponsor,Glassnode,1 Block,Supporter (1 Block),,,,https://consensus.coindesk.com/agenda/sponsor/-glassnode
Sponsor,Goldfinch,1 Block,Supporter (1 Block),,,,https://consensus.coindesk.com/agenda/sponsor/-goldfinch
Sponsor,Hashkey,1 Block,Supporter (1 Block),,,,https://consensus.coindesk.com/agenda/sponsor/-hashkey
Sponsor,Hex Trust,1 Block,Supporter (1 Block),,,,https://consensus.coindesk.com/agenda/sponsor/-hex-trust
Sponsor,Hogan Lovells,1 Block,Supporter (1 Block),,,,https://consensus.coindesk.com/agenda/sponsor/-hogan-lovells
Sponsor,Immunefi,1 Block,Supporter (1 Block),,,,https://consensus.coindesk.com/agenda/sponsor/-immunefi
Sponsor,Injective,1 Block,Supporter (1 Block),,,,https://consensus.coindesk.com/agenda/sponsor/-injective
Sponsor,Interchain Foundation,1 Block,Supporter (1 Block),,,,https://consensus.coindesk.com/agenda/sponsor/-interchain-foundation
Sponsor,Iofinnet,1 Block,Supporter (1 Block),,,,https://consensus.coindesk.com/agenda/sponsor/-iofinnet
Sponsor,Kraken,1 Block,Supporter (1 Block),,,,https://consensus.coindesk.com/agenda/sponsor/-kraken
Sponsor,Ledger,1 Block,Supporter (1 Block),,,,https://consensus.coindesk.com/agenda/sponsor/-ledger
Sponsor,Lido,1 Block,Supporter (1 Block),,,,https://consensus.coindesk.com/agenda/sponsor/-lido
Sponsor,Liqtech,1 Block,Supporter (1 Block),,,,https://consensus.coindesk.com/agenda/sponsor/-liqtech
Sponsor,Liquid Collective,1 Block,Supporter (1 Block),,,,https://consensus.coindesk.com/agenda/sponsor/-liquid-collective
Sponsor,Lumia,1 Block,Supporter (1 Block),,,,https://consensus.coindesk.com/agenda/sponsor/-lumia
Sponsor,Maple Finance,1 Block,Supporter (1 Block),,,,https://consensus.coindesk.com/agenda/sponsor/-maple-finance
Sponsor,Matrixport,1 Block,Supporter (1 Block),,,,https://consensus.coindesk.com/agenda/sponsor/-matrixport
Sponsor,Mercuryo,1 Block,Supporter (1 Block),,,,https://consensus.coindesk.com/agenda/sponsor/-mercuryo
Sponsor,Mesh,1 Block,Supporter (1 Block),,,,https://consensus.coindesk.com/agenda/sponsor/-mesh
Sponsor,Messari,1 Block,Supporter (1 Block),,,,https://consensus.coindesk.com/agenda/sponsor/-messari
Sponsor,MetaMask,1 Block,Supporter (1 Block),,,,https://consensus.coindesk.com/agenda/sponsor/-metamask
Sponsor,Moody's,1 Block,Supporter (1 Block),,,,https://consensus.coindesk.com/agenda/sponsor/-moodys
Sponsor,Morpho,1 Block,Supporter (1 Block),,,,https://consensus.coindesk.com/agenda/sponsor/-morpho
Sponsor,Near Protocol,1 Block,Supporter (1 Block),,,,https://consensus.coindesk.com/agenda/sponsor/-near-protocol
Sponsor,Nexo,1 Block,Supporter (1 Block),,,,https://consensus.coindesk.com/agenda/sponsor/-nexo
Sponsor,Nuvei,1 Block,Supporter (1 Block),,,,https://consensus.coindesk.com/agenda/sponsor/-nuvei
Sponsor,Oppenheimer & Co. Inc.,1 Block,Supporter (1 Block),,,,https://consensus.coindesk.com/agenda/sponsor/-oppenheimer-co-inc
Sponsor,OVHcloud US,1 Block,Supporter (1 Block),,,,https://consensus.coindesk.com/agenda/sponsor/-ovhcloud-us
Sponsor,OwlPay,1 Block,Supporter (1 Block),,,,https://consensus.coindesk.com/agenda/sponsor/-owlpay
Sponsor,PAX Markets,1 Block,Supporter (1 Block),,,,https://consensus.coindesk.com/agenda/sponsor/-pax-markets
Sponsor,Paydao,1 Block,Supporter (1 Block),,,,https://consensus.coindesk.com/agenda/sponsor/-paydao
Sponsor,PayPal,1 Block,Supporter (1 Block),,,,https://consensus.coindesk.com/agenda/sponsor/-paypal-2
Sponsor,Persona,1 Block,Supporter (1 Block),,,,https://consensus.coindesk.com/agenda/sponsor/-persona
Sponsor,POSX,1 Block,Supporter (1 Block),,,,https://consensus.coindesk.com/agenda/sponsor/-posx
Sponsor,PrimeDelta,1 Block,Supporter (1 Block),,,,https://consensus.coindesk.com/agenda/sponsor/-prime-delta
Sponsor,Quicknode,1 Block,Supporter (1 Block),,,,https://consensus.coindesk.com/agenda/sponsor/-quicknode
Sponsor,Reliant,1 Block,Supporter (1 Block),,,,https://consensus.coindesk.com/agenda/sponsor/-reliant
Sponsor,RGCIS,1 Block,Supporter (1 Block),,,,https://consensus.coindesk.com/agenda/sponsor/-rgcis
Sponsor,Rise,1 Block,Supporter (1 Block),,,,https://consensus.coindesk.com/agenda/sponsor/-rise-works-inc
Sponsor,Roam,1 Block,Supporter (1 Block),,,,https://consensus.coindesk.com/agenda/sponsor/-roam
Sponsor,Ropes & Gray LLP,1 Block,Supporter (1 Block),,,,https://consensus.coindesk.com/agenda/sponsor/-ropes-gray-llp
Sponsor,S&P Global,1 Block,Supporter (1 Block),,,,https://consensus.coindesk.com/agenda/sponsor/-sp-global-market-intelligence
Sponsor,Shift Markets,1 Block,Supporter (1 Block),,,,https://consensus.coindesk.com/agenda/sponsor/-shift-markets
Sponsor,Solana Company (NASDAQ: HSDT),1 Block,Supporter (1 Block),,,,https://consensus.coindesk.com/agenda/sponsor/-solana-company-nasdaq-hsdt
Sponsor,Solana Mobile,1 Block,Supporter (1 Block),,,,https://consensus.coindesk.com/agenda/sponsor/-solana-mobile
Sponsor,SonarX,1 Block,Supporter (1 Block),,,,https://consensus.coindesk.com/agenda/sponsor/-sonarx
Sponsor,Sovos Compliance,1 Block,Supporter (1 Block),,,,https://consensus.coindesk.com/agenda/sponsor/-sovos-compliance
Sponsor,Sphere State Group,1 Block,Supporter (1 Block),,,,https://consensus.coindesk.com/agenda/sponsor/-sphere-state-group
Sponsor,Stables,1 Block,Supporter (1 Block),,,,https://consensus.coindesk.com/agenda/sponsor/-stables
Sponsor,Steptoe LLP,1 Block,Supporter (1 Block),,,,https://consensus.coindesk.com/agenda/sponsor/-steptoe-llp
Sponsor,Tatum,1 Block,Supporter (1 Block),,,,https://consensus.coindesk.com/agenda/sponsor/-tatum
Sponsor,The Best Event,1 Block,Supporter (1 Block),,,,https://consensus.coindesk.com/agenda/sponsor/-the-best-event
Sponsor,The Graph,1 Block,Supporter (1 Block),,,,https://consensus.coindesk.com/agenda/sponsor/-the-graph
Sponsor,The Sia Foundation,1 Block,Supporter (1 Block),,,,https://consensus.coindesk.com/agenda/sponsor/-the-sia-foundation
Sponsor,Tokenable,1 Block,Supporter (1 Block),,,,https://consensus.coindesk.com/agenda/sponsor/-tokenable
Sponsor,TradeStars,1 Block,Supporter (1 Block),,,,https://consensus.coindesk.com/agenda/sponsor/-tradestars
Sponsor,Travls.io,1 Block,Supporter (1 Block),,,,https://consensus.coindesk.com/agenda/sponsor/-travlsio
Sponsor,TRM Labs,1 Block,Supporter (1 Block),,,,https://consensus.coindesk.com/agenda/sponsor/-trm-labs
Sponsor,tx,1 Block,Supporter (1 Block),,,,https://consensus.coindesk.com/agenda/sponsor/-tx
Sponsor,UTGL,1 Block,Supporter (1 Block),,,,https://consensus.coindesk.com/agenda/sponsor/-utgl
Sponsor,Utila,1 Block,Supporter (1 Block),,,,https://consensus.coindesk.com/agenda/sponsor/-utila
Sponsor,Voltage,1 Block,Supporter (1 Block),,,,https://consensus.coindesk.com/agenda/sponsor/-voltage
Sponsor,Walkers,1 Block,Supporter (1 Block),,,,https://consensus.coindesk.com/agenda/sponsor/-walkers
Sponsor,Willkie Farr & Gallagher LLP,1 Block,Supporter (1 Block),,,,https://consensus.coindesk.com/agenda/sponsor/-wilkie-farr-gallagher-llp-2
Sponsor,Withers,1 Block,Supporter (1 Block),,,,https://consensus.coindesk.com/agenda/sponsor/-withers
Sponsor,Withum,1 Block,Supporter (1 Block),,,,https://consensus.coindesk.com/agenda/sponsor/-withum
Sponsor,World Gold Council,1 Block,Supporter (1 Block),,,,https://consensus.coindesk.com/agenda/sponsor/-world-gold-council
Sponsor,Yellow,1 Block,Supporter (1 Block),,,,https://consensus.coindesk.com/agenda/sponsor/-yellow
Sponsor,Yieldz,1 Block,Supporter (1 Block),,,,https://consensus.coindesk.com/agenda/sponsor/-yieldz
Community & Marketing Partner,10x Research,,,,,,https://consensus.coindesk.com/agenda/sponsor/-10x-research
Community & Marketing Partner,Akindo,,,,,,https://consensus.coindesk.com/agenda/sponsor/-akindo
Community & Marketing Partner,AllConfsBot,,,,,,https://consensus.coindesk.com/agenda/sponsor/-allconfsbot
Community & Marketing Partner,AllSpark Research,,,,,,https://consensus.coindesk.com/agenda/sponsor/-allspark-research-2
Community & Marketing Partner,ALTA,,,,,,https://consensus.coindesk.com/agenda/sponsor/-alta
Community & Marketing Partner,Amphi,,,,,,https://consensus.coindesk.com/agenda/sponsor/-amphi
Community & Marketing Partner,BackersStage,,,,,,https://consensus.coindesk.com/agenda/sponsor/-backersstage
Community & Marketing Partner,Bankless,,,,,,https://consensus.coindesk.com/agenda/sponsor/-bankless
Community & Marketing Partner,BeInCrypto,,,,,,https://consensus.coindesk.com/agenda/sponsor/-beincrypto
Community & Marketing Partner,Bitcoin Magazine,,,,,,https://consensus.coindesk.com/agenda/sponsor/-bitcoin-magazine
Community & Marketing Partner,Block & Order,,,,,,https://consensus.coindesk.com/agenda/sponsor/-block-order
Community & Marketing Partner,Blockchain Association,,,,,,https://consensus.coindesk.com/agenda/sponsor/-blockchain-association
Community & Marketing Partner,Blockchain Research Institute,,,,,,https://consensus.coindesk.com/agenda/sponsor/-blockchain-research-institute
Community & Marketing Partner,Blockworks,,,,,,https://consensus.coindesk.com/agenda/sponsor/-blockworks
Community & Marketing Partner,BTC Inc.,,,,,,https://consensus.coindesk.com/agenda/sponsor/-btc-inc
Community & Marketing Partner,Cointelegraph,,,,,,https://consensus.coindesk.com/agenda/sponsor/-cointelegraph
Community & Marketing Partner,Decrypt,,,,,,https://consensus.coindesk.com/agenda/sponsor/-decrypt
Community & Marketing Partner,DeFi Education Fund,,,,,,https://consensus.coindesk.com/agenda/sponsor/-defi-education-fund
Community & Marketing Partner,DeFi Prime,,,,,,https://consensus.coindesk.com/agenda/sponsor/-defi-prime
Community & Marketing Partner,DeFiLlama,,,,,,https://consensus.coindesk.com/agenda/sponsor/-defillama
Community & Marketing Partner,Delphi Digital,,,,,,https://consensus.coindesk.com/agenda/sponsor/-delphi-digital
Community & Marketing Partner,Deribit Insights,,,,,,https://consensus.coindesk.com/agenda/sponsor/-deribit-insights
Community & Marketing Partner,Distributed,,,,,,https://consensus.coindesk.com/agenda/sponsor/-distributed
Community & Marketing Partner,DL News,,,,,,https://consensus.coindesk.com/agenda/sponsor/-dl-news
Community & Marketing Partner,Dragonfly,,,,,,https://consensus.coindesk.com/agenda/sponsor/-dragonfly
Community & Marketing Partner,Empire,,,,,,https://consensus.coindesk.com/agenda/sponsor/-empire
Community & Marketing Partner,Epicenter,,,,,,https://consensus.coindesk.com/agenda/sponsor/-epicenter
Community & Marketing Partner,Fintech Nexus,,,,,,https://consensus.coindesk.com/agenda/sponsor/-fintech-nexus
Community & Marketing Partner,Forbes Digital Assets,,,,,,https://consensus.coindesk.com/agenda/sponsor/-forbes-digital-assets
Community & Marketing Partner,Fortune Crypto,,,,,,https://consensus.coindesk.com/agenda/sponsor/-fortune-crypto
Community & Marketing Partner,Galaxy Brains,,,,,,https://consensus.coindesk.com/agenda/sponsor/-galaxy-brains
Community & Marketing Partner,Global Digital Finance,,,,,,https://consensus.coindesk.com/agenda/sponsor/-global-digital-finance
Community & Marketing Partner,H.E.R. DAO,,,,,,https://consensus.coindesk.com/agenda/sponsor/-her-dao
Community & Marketing Partner,House of Block,,,,,,https://consensus.coindesk.com/agenda/sponsor/-house-of-block
Community & Marketing Partner,ICODA,,,,,,https://consensus.coindesk.com/agenda/sponsor/-icoda-2
Community & Marketing Partner,ICOHOLDER,,,,,,https://consensus.coindesk.com/agenda/sponsor/-icoholder
Community & Marketing Partner,Introduction.com,,,,,,https://consensus.coindesk.com/agenda/sponsor/-introductioncom
Community & Marketing Partner,Kitco,,,,,,https://consensus.coindesk.com/agenda/sponsor/-kitco
Community & Marketing Partner,LC Agency,,,,,,https://consensus.coindesk.com/agenda/sponsor/-lc-agency
Community & Marketing Partner,ME Group,,,,,,https://consensus.coindesk.com/agenda/sponsor/-me-group
Community & Marketing Partner,Miami Fintech Club,,,,,,https://consensus.coindesk.com/agenda/sponsor/-miami-fintech-club-2
Community & Marketing Partner,Miami Tech Works,,,,,,https://consensus.coindesk.com/agenda/sponsor/-miami-tech-works
Community & Marketing Partner,Moledao,,,,,,https://consensus.coindesk.com/agenda/sponsor/-moledao
Community & Marketing Partner,NFT VIP,,,,,,https://consensus.coindesk.com/agenda/sponsor/-nft-vip-2
Community & Marketing Partner,Nordic Blockchain Association,,,,,,https://consensus.coindesk.com/agenda/sponsor/-nordic-blockchain-association
Community & Marketing Partner,OffChain,,,,,,https://consensus.coindesk.com/agenda/sponsor/-offchain
Community & Marketing Partner,Orbit Ventures,,,,,,https://consensus.coindesk.com/agenda/sponsor/-orbit-ventures
Community & Marketing Partner,OSTIM Technical University,,,,,,https://consensus.coindesk.com/agenda/sponsor/-ostim-technical-university
Community & Marketing Partner,PIVOT,,,,,,https://consensus.coindesk.com/agenda/sponsor/-pivot-2
Community & Marketing Partner,Purple Horizons,,,,,,https://consensus.coindesk.com/agenda/sponsor/-purple-horizons
Community & Marketing Partner,Ray Fuentes LLC,,,,,,https://consensus.coindesk.com/agenda/sponsor/-ray-fuentes-llc
Community & Marketing Partner,Refresh Miami,,,,,,https://consensus.coindesk.com/agenda/sponsor/-refresh-miami
Community & Marketing Partner,SheFi,,,,,,https://consensus.coindesk.com/agenda/sponsor/-shefi-2
Community & Marketing Partner,Stablecoin Standard,,,,,,https://consensus.coindesk.com/agenda/sponsor/-stablecoin-standard
Community & Marketing Partner,Symphony,,,,,,https://consensus.coindesk.com/agenda/sponsor/-symphony
Community & Marketing Partner,The Coin Republic,,,,,,https://consensus.coindesk.com/agenda/sponsor/-the-coin-republic
Community & Marketing Partner,The Digital Chamber,,,,,,https://consensus.coindesk.com/agenda/sponsor/-the-digital-chamber-2
Community & Marketing Partner,The Market Periodical,,,,,,https://consensus.coindesk.com/agenda/sponsor/-the-market-periodical
Community & Marketing Partner,The Princeton Blockchain Club,,,,,,https://consensus.coindesk.com/agenda/sponsor/-the-princeton-blockchain-club
Community & Marketing Partner,The U.S.-Mexico Chamber of Commerce,,,,,,https://consensus.coindesk.com/agenda/sponsor/-the-us-mexico-chamber-of-commerce
Community & Marketing Partner,The University of Miami Herbert Business School,,,,,,https://consensus.coindesk.com/agenda/sponsor/-the-university-of-miami-herbert-business-school
Community & Marketing Partner,The Venture Capital Community,,,,,,https://consensus.coindesk.com/agenda/sponsor/-the-venture-capital-community
Community & Marketing Partner,Thrilld Labs,,,,,,https://consensus.coindesk.com/agenda/sponsor/-thrilld-labs
Community & Marketing Partner,WOLF Financial,,,,,,https://consensus.coindesk.com/agenda/sponsor/-wolf-financial
